-- phpMyAdmin SQL Dump
-- version 4.8.3
-- https://www.phpmyadmin.net/
--
-- Host: db
-- Generation Time: Mar 05, 2021 at 09:03 AM
-- Server version: 5.7.24
-- PHP Version: 7.2.8

SET SQL_MODE = "NO_AUTO_VALUE_ON_ZERO";
SET AUTOCOMMIT = 0;
START TRANSACTION;
SET time_zone = "+00:00";


/*!40101 SET @OLD_CHARACTER_SET_CLIENT=@@CHARACTER_SET_CLIENT */;
/*!40101 SET @OLD_CHARACTER_SET_RESULTS=@@CHARACTER_SET_RESULTS */;
/*!40101 SET @OLD_COLLATION_CONNECTION=@@COLLATION_CONNECTION */;
/*!40101 SET NAMES utf8mb4 */;

--
-- Database: `setiakawan`
--

-- --------------------------------------------------------

--
-- Table structure for table `absensis`
--

CREATE TABLE `absensis` (
  `id` bigint(20) UNSIGNED NOT NULL,
  `karyawan_id` int(11) NOT NULL,
  `tanggal` date NOT NULL,
  `jenis` varchar(255) COLLATE utf8mb4_unicode_ci NOT NULL,
  `ket` varchar(255) COLLATE utf8mb4_unicode_ci DEFAULT NULL,
  `created_at` timestamp NULL DEFAULT NULL,
  `updated_at` timestamp NULL DEFAULT NULL
) ENGINE=InnoDB DEFAULT CHARSET=utf8mb4 COLLATE=utf8mb4_unicode_ci;

--
-- Dumping data for table `absensis`
--

INSERT INTO `absensis` (`id`, `karyawan_id`, `tanggal`, `jenis`, `ket`, `created_at`, `updated_at`) VALUES
(58, 1, '2020-12-14', 'h', NULL, '2020-12-14 03:36:50', '2020-12-14 03:36:50'),
(59, 2, '2020-12-14', 'h', NULL, '2020-12-14 03:36:50', '2020-12-14 03:36:50'),
(60, 3, '2020-12-14', 'h', NULL, '2020-12-14 03:36:50', '2020-12-14 03:36:50'),
(61, 4, '2020-12-14', 'h', NULL, '2020-12-14 03:36:50', '2020-12-14 03:36:50'),
(62, 5, '2020-12-14', 'h', NULL, '2020-12-14 03:36:50', '2020-12-14 03:36:50'),
(63, 6, '2020-12-14', 'h', NULL, '2020-12-14 03:36:50', '2020-12-14 03:36:50'),
(64, 7, '2020-12-14', 'h', NULL, '2020-12-14 03:36:50', '2020-12-14 03:36:50'),
(65, 8, '2020-12-14', 'h', NULL, '2020-12-14 03:36:50', '2020-12-14 03:36:50'),
(66, 10, '2020-12-14', 'a', 'keluar kota', '2020-12-14 03:50:14', '2020-12-14 11:57:56'),
(76, 1, '2020-12-01', 'h', NULL, '2020-12-14 04:38:48', '2020-12-14 04:38:48'),
(77, 2, '2020-12-01', 'h', NULL, '2020-12-14 04:38:48', '2020-12-14 04:38:48'),
(78, 3, '2020-12-01', 'h', NULL, '2020-12-14 04:38:48', '2020-12-14 04:38:48'),
(79, 4, '2020-12-01', 'h', NULL, '2020-12-14 04:38:48', '2020-12-14 04:38:48'),
(80, 5, '2020-12-01', 'h', NULL, '2020-12-14 04:38:48', '2020-12-14 04:38:48'),
(81, 6, '2020-12-01', 'h', NULL, '2020-12-14 04:38:49', '2020-12-14 04:38:49'),
(82, 7, '2020-12-01', 'h', NULL, '2020-12-14 04:38:49', '2020-12-14 04:38:49'),
(83, 8, '2020-12-01', 'h', NULL, '2020-12-14 04:38:49', '2020-12-14 04:38:49'),
(84, 10, '2020-12-01', 'h', NULL, '2020-12-14 04:38:49', '2020-12-14 04:38:49'),
(85, 1, '2020-12-02', 'h', NULL, '2020-12-14 04:38:51', '2020-12-14 04:38:51'),
(86, 2, '2020-12-02', 'h', NULL, '2020-12-14 04:38:51', '2020-12-14 04:38:51'),
(87, 3, '2020-12-02', 'h', NULL, '2020-12-14 04:38:51', '2020-12-14 04:38:51'),
(88, 4, '2020-12-02', 'h', NULL, '2020-12-14 04:38:51', '2020-12-14 04:38:51'),
(89, 5, '2020-12-02', 'h', NULL, '2020-12-14 04:38:51', '2020-12-14 04:38:51'),
(90, 6, '2020-12-02', 'h', NULL, '2020-12-14 04:38:51', '2020-12-14 04:38:51'),
(91, 7, '2020-12-02', 'h', NULL, '2020-12-14 04:38:51', '2020-12-14 04:38:51'),
(92, 8, '2020-12-02', 'h', NULL, '2020-12-14 04:38:51', '2020-12-14 04:38:51'),
(93, 10, '2020-12-02', 'h', NULL, '2020-12-14 04:38:51', '2020-12-14 04:38:51'),
(94, 1, '2020-12-03', 'h', NULL, '2020-12-14 04:38:54', '2020-12-14 04:38:54'),
(95, 2, '2020-12-03', 'h', NULL, '2020-12-14 04:38:54', '2020-12-14 04:38:54'),
(96, 3, '2020-12-03', 'h', NULL, '2020-12-14 04:38:54', '2020-12-14 04:38:54'),
(97, 4, '2020-12-03', 'h', NULL, '2020-12-14 04:38:54', '2020-12-14 04:38:54'),
(98, 5, '2020-12-03', 'h', NULL, '2020-12-14 04:38:54', '2020-12-14 04:38:54'),
(99, 6, '2020-12-03', 'h', NULL, '2020-12-14 04:38:54', '2020-12-14 04:38:54'),
(100, 7, '2020-12-03', 'h', NULL, '2020-12-14 04:38:54', '2020-12-14 04:38:54'),
(101, 8, '2020-12-03', 'h', NULL, '2020-12-14 04:38:54', '2020-12-14 04:38:54'),
(102, 10, '2020-12-03', 'h', NULL, '2020-12-14 04:38:54', '2020-12-14 04:38:54'),
(103, 1, '2020-12-04', 'h', NULL, '2020-12-14 04:38:56', '2020-12-14 04:38:56'),
(104, 2, '2020-12-04', 'h', NULL, '2020-12-14 04:38:56', '2020-12-14 04:38:56'),
(105, 3, '2020-12-04', 'h', NULL, '2020-12-14 04:38:56', '2020-12-14 04:38:56'),
(106, 4, '2020-12-04', 'h', NULL, '2020-12-14 04:38:56', '2020-12-14 04:38:56'),
(107, 5, '2020-12-04', 'h', NULL, '2020-12-14 04:38:56', '2020-12-14 04:38:56'),
(108, 6, '2020-12-04', 'h', NULL, '2020-12-14 04:38:56', '2020-12-14 04:38:56'),
(109, 7, '2020-12-04', 'h', NULL, '2020-12-14 04:38:56', '2020-12-14 04:38:56'),
(110, 8, '2020-12-04', 'h', NULL, '2020-12-14 04:38:56', '2020-12-14 04:38:56'),
(111, 10, '2020-12-04', 'h', NULL, '2020-12-14 04:38:56', '2020-12-14 04:38:56'),
(112, 1, '2020-12-05', 'h', NULL, '2020-12-14 04:38:58', '2020-12-14 04:38:58'),
(113, 2, '2020-12-05', 'h', NULL, '2020-12-14 04:38:58', '2020-12-14 04:38:58'),
(114, 3, '2020-12-05', 'h', NULL, '2020-12-14 04:38:58', '2020-12-14 04:38:58'),
(115, 4, '2020-12-05', 'h', NULL, '2020-12-14 04:38:58', '2020-12-14 04:38:58'),
(116, 5, '2020-12-05', 'h', NULL, '2020-12-14 04:38:58', '2020-12-14 04:38:58'),
(117, 6, '2020-12-05', 'h', NULL, '2020-12-14 04:38:58', '2020-12-14 04:38:58'),
(118, 7, '2020-12-05', 'h', NULL, '2020-12-14 04:38:58', '2020-12-14 04:38:58'),
(119, 8, '2020-12-05', 'h', NULL, '2020-12-14 04:38:58', '2020-12-14 04:38:58'),
(120, 10, '2020-12-05', 'h', NULL, '2020-12-14 04:38:58', '2020-12-14 04:38:58'),
(121, 1, '2020-12-06', 'l', NULL, '2020-12-14 04:39:00', '2020-12-14 04:39:00'),
(122, 2, '2020-12-06', 'l', NULL, '2020-12-14 04:39:00', '2020-12-14 04:39:00'),
(123, 3, '2020-12-06', 'l', NULL, '2020-12-14 04:39:00', '2020-12-14 04:39:00'),
(124, 4, '2020-12-06', 'l', NULL, '2020-12-14 04:39:00', '2020-12-14 04:39:00'),
(125, 5, '2020-12-06', 'l', NULL, '2020-12-14 04:39:00', '2020-12-14 04:39:00'),
(126, 6, '2020-12-06', 'l', NULL, '2020-12-14 04:39:00', '2020-12-14 04:39:00'),
(127, 7, '2020-12-06', 'l', NULL, '2020-12-14 04:39:00', '2020-12-14 04:39:00'),
(128, 8, '2020-12-06', 'l', NULL, '2020-12-14 04:39:00', '2020-12-14 04:39:00'),
(129, 10, '2020-12-06', 'l', NULL, '2020-12-14 04:39:00', '2020-12-14 04:39:00'),
(130, 1, '2020-12-07', 'h', NULL, '2020-12-14 04:39:02', '2020-12-14 04:39:02'),
(131, 2, '2020-12-07', 'h', NULL, '2020-12-14 04:39:02', '2020-12-14 04:39:02'),
(132, 3, '2020-12-07', 'h', NULL, '2020-12-14 04:39:02', '2020-12-14 04:39:02'),
(133, 4, '2020-12-07', 'h', NULL, '2020-12-14 04:39:02', '2020-12-14 04:39:02'),
(134, 5, '2020-12-07', 'h', NULL, '2020-12-14 04:39:02', '2020-12-14 04:39:02'),
(135, 6, '2020-12-07', 'h', NULL, '2020-12-14 04:39:02', '2020-12-14 04:39:02'),
(136, 7, '2020-12-07', 'h', NULL, '2020-12-14 04:39:02', '2020-12-14 04:39:02'),
(137, 8, '2020-12-07', 'h', NULL, '2020-12-14 04:39:02', '2020-12-14 04:39:02'),
(138, 10, '2020-12-07', 'h', NULL, '2020-12-14 04:39:02', '2020-12-14 04:39:02'),
(139, 1, '2020-12-08', 'h', NULL, '2020-12-14 04:39:04', '2020-12-14 04:39:04'),
(140, 2, '2020-12-08', 'h', NULL, '2020-12-14 04:39:04', '2020-12-14 04:39:04'),
(141, 3, '2020-12-08', 'h', NULL, '2020-12-14 04:39:04', '2020-12-14 04:39:04'),
(142, 4, '2020-12-08', 'h', NULL, '2020-12-14 04:39:04', '2020-12-14 04:39:04'),
(143, 5, '2020-12-08', 'h', NULL, '2020-12-14 04:39:04', '2020-12-14 04:39:04'),
(144, 6, '2020-12-08', 'h', NULL, '2020-12-14 04:39:04', '2020-12-14 04:39:04'),
(145, 7, '2020-12-08', 'h', NULL, '2020-12-14 04:39:04', '2020-12-14 04:39:04'),
(146, 8, '2020-12-08', 'h', NULL, '2020-12-14 04:39:04', '2020-12-14 04:39:04'),
(147, 10, '2020-12-08', 'h', NULL, '2020-12-14 04:39:04', '2020-12-14 04:39:04'),
(148, 1, '2020-12-09', 'h', NULL, '2020-12-14 04:39:07', '2020-12-14 04:39:07'),
(149, 2, '2020-12-09', 'h', NULL, '2020-12-14 04:39:08', '2020-12-14 04:39:08'),
(150, 3, '2020-12-09', 'h', NULL, '2020-12-14 04:39:08', '2020-12-14 04:39:08'),
(151, 4, '2020-12-09', 'h', NULL, '2020-12-14 04:39:08', '2020-12-14 04:39:08'),
(152, 5, '2020-12-09', 'h', NULL, '2020-12-14 04:39:08', '2020-12-14 04:39:08'),
(153, 6, '2020-12-09', 'h', NULL, '2020-12-14 04:39:08', '2020-12-14 04:39:08'),
(154, 7, '2020-12-09', 'h', NULL, '2020-12-14 04:39:08', '2020-12-14 04:39:08'),
(155, 8, '2020-12-09', 'h', NULL, '2020-12-14 04:39:08', '2020-12-14 04:39:08'),
(156, 10, '2020-12-09', 'h', NULL, '2020-12-14 04:39:08', '2020-12-14 04:39:08'),
(157, 1, '2020-12-10', 'h', NULL, '2020-12-14 04:39:10', '2020-12-14 04:39:10'),
(158, 2, '2020-12-10', 'h', NULL, '2020-12-14 04:39:10', '2020-12-14 04:39:10'),
(159, 3, '2020-12-10', 'h', NULL, '2020-12-14 04:39:10', '2020-12-14 04:39:10'),
(160, 4, '2020-12-10', 'h', NULL, '2020-12-14 04:39:10', '2020-12-14 04:39:10'),
(161, 5, '2020-12-10', 'h', NULL, '2020-12-14 04:39:10', '2020-12-14 04:39:10'),
(162, 6, '2020-12-10', 'h', NULL, '2020-12-14 04:39:10', '2020-12-14 04:39:10'),
(163, 7, '2020-12-10', 'h', NULL, '2020-12-14 04:39:10', '2020-12-14 04:39:10'),
(164, 8, '2020-12-10', 'h', NULL, '2020-12-14 04:39:10', '2020-12-14 04:39:10'),
(165, 10, '2020-12-10', 'h', NULL, '2020-12-14 04:39:10', '2020-12-14 04:39:10'),
(166, 1, '2020-12-11', 'h', NULL, '2020-12-14 04:39:12', '2020-12-14 04:39:12'),
(167, 2, '2020-12-11', 'h', NULL, '2020-12-14 04:39:12', '2020-12-14 04:39:12'),
(168, 3, '2020-12-11', 'h', NULL, '2020-12-14 04:39:12', '2020-12-14 04:39:12'),
(169, 4, '2020-12-11', 'h', NULL, '2020-12-14 04:39:12', '2020-12-14 04:39:12'),
(170, 5, '2020-12-11', 'h', NULL, '2020-12-14 04:39:12', '2020-12-14 04:39:12'),
(171, 6, '2020-12-11', 'h', NULL, '2020-12-14 04:39:12', '2020-12-14 04:39:12'),
(172, 7, '2020-12-11', 'h', NULL, '2020-12-14 04:39:12', '2020-12-14 04:39:12'),
(173, 8, '2020-12-11', 'h', NULL, '2020-12-14 04:39:12', '2020-12-14 04:39:12'),
(174, 10, '2020-12-11', 'h', NULL, '2020-12-14 04:39:12', '2020-12-14 04:39:12'),
(175, 1, '2020-12-12', 'h', NULL, '2020-12-14 04:39:13', '2020-12-14 04:39:13'),
(176, 2, '2020-12-12', 'h', NULL, '2020-12-14 04:39:13', '2020-12-14 04:39:13'),
(177, 3, '2020-12-12', 'h', NULL, '2020-12-14 04:39:13', '2020-12-14 04:39:13'),
(178, 4, '2020-12-12', 'h', NULL, '2020-12-14 04:39:13', '2020-12-14 04:39:13'),
(179, 5, '2020-12-12', 'h', NULL, '2020-12-14 04:39:13', '2020-12-14 04:39:13'),
(180, 6, '2020-12-12', 'h', NULL, '2020-12-14 04:39:13', '2020-12-14 04:39:13'),
(181, 7, '2020-12-12', 'h', NULL, '2020-12-14 04:39:13', '2020-12-14 04:39:13'),
(182, 8, '2020-12-12', 'h', NULL, '2020-12-14 04:39:13', '2020-12-14 04:39:13'),
(183, 10, '2020-12-12', 'h', NULL, '2020-12-14 04:39:13', '2020-12-14 04:39:13'),
(184, 1, '2020-11-01', 'l', NULL, '2020-12-14 04:57:25', '2020-12-14 04:57:25'),
(185, 2, '2020-11-01', 'l', NULL, '2020-12-14 04:57:25', '2020-12-14 04:57:25'),
(186, 3, '2020-11-01', 'l', NULL, '2020-12-14 04:57:25', '2020-12-14 04:57:25'),
(187, 4, '2020-11-01', 'l', NULL, '2020-12-14 04:57:25', '2020-12-14 04:57:25'),
(188, 5, '2020-11-01', 'l', NULL, '2020-12-14 04:57:25', '2020-12-14 04:57:25'),
(189, 6, '2020-11-01', 'l', NULL, '2020-12-14 04:57:25', '2020-12-14 04:57:25'),
(190, 7, '2020-11-01', 'l', NULL, '2020-12-14 04:57:25', '2020-12-14 04:57:25'),
(191, 8, '2020-11-01', 'l', NULL, '2020-12-14 04:57:25', '2020-12-14 04:57:25'),
(192, 10, '2020-11-01', 'l', NULL, '2020-12-14 04:57:25', '2020-12-14 04:57:25'),
(193, 1, '2020-11-02', 'h', NULL, '2020-12-14 04:57:27', '2020-12-14 04:57:27'),
(194, 2, '2020-11-02', 'h', NULL, '2020-12-14 04:57:27', '2020-12-14 04:57:27'),
(195, 3, '2020-11-02', 'h', NULL, '2020-12-14 04:57:27', '2020-12-14 04:57:27'),
(196, 4, '2020-11-02', 'h', NULL, '2020-12-14 04:57:27', '2020-12-14 04:57:27'),
(197, 5, '2020-11-02', 'h', NULL, '2020-12-14 04:57:27', '2020-12-14 04:57:27'),
(198, 6, '2020-11-02', 'h', NULL, '2020-12-14 04:57:27', '2020-12-14 04:57:27'),
(199, 7, '2020-11-02', 'h', NULL, '2020-12-14 04:57:27', '2020-12-14 04:57:27'),
(200, 8, '2020-11-02', 'h', NULL, '2020-12-14 04:57:27', '2020-12-14 04:57:27'),
(201, 10, '2020-11-02', 'h', NULL, '2020-12-14 04:57:27', '2020-12-14 04:57:27'),
(202, 1, '2020-11-03', 'h', NULL, '2020-12-14 04:57:29', '2020-12-14 04:57:29'),
(203, 2, '2020-11-03', 'h', NULL, '2020-12-14 04:57:29', '2020-12-14 04:57:29'),
(204, 3, '2020-11-03', 'h', NULL, '2020-12-14 04:57:29', '2020-12-14 04:57:29'),
(205, 4, '2020-11-03', 'h', NULL, '2020-12-14 04:57:29', '2020-12-14 04:57:29'),
(206, 5, '2020-11-03', 'h', NULL, '2020-12-14 04:57:29', '2020-12-14 04:57:29'),
(207, 6, '2020-11-03', 'h', NULL, '2020-12-14 04:57:29', '2020-12-14 04:57:29'),
(208, 7, '2020-11-03', 'h', NULL, '2020-12-14 04:57:29', '2020-12-14 04:57:29'),
(209, 8, '2020-11-03', 'h', NULL, '2020-12-14 04:57:29', '2020-12-14 04:57:29'),
(210, 10, '2020-11-03', 'h', NULL, '2020-12-14 04:57:29', '2020-12-14 04:57:29'),
(211, 1, '2020-11-04', 'h', NULL, '2020-12-14 04:57:31', '2020-12-14 04:57:31'),
(212, 2, '2020-11-04', 'h', NULL, '2020-12-14 04:57:31', '2020-12-14 04:57:31'),
(213, 3, '2020-11-04', 'h', NULL, '2020-12-14 04:57:31', '2020-12-14 04:57:31'),
(214, 4, '2020-11-04', 'h', NULL, '2020-12-14 04:57:31', '2020-12-14 04:57:31'),
(215, 5, '2020-11-04', 'h', NULL, '2020-12-14 04:57:31', '2020-12-14 04:57:31'),
(216, 6, '2020-11-04', 'h', NULL, '2020-12-14 04:57:31', '2020-12-14 04:57:31'),
(217, 7, '2020-11-04', 'h', NULL, '2020-12-14 04:57:31', '2020-12-14 04:57:31'),
(218, 8, '2020-11-04', 'h', NULL, '2020-12-14 04:57:31', '2020-12-14 04:57:31'),
(219, 10, '2020-11-04', 'h', NULL, '2020-12-14 04:57:31', '2020-12-14 04:57:31'),
(220, 1, '2020-11-05', 'h', NULL, '2020-12-14 04:57:32', '2020-12-14 04:57:32'),
(221, 2, '2020-11-05', 'h', NULL, '2020-12-14 04:57:32', '2020-12-14 04:57:32'),
(222, 3, '2020-11-05', 'h', NULL, '2020-12-14 04:57:32', '2020-12-14 04:57:32'),
(223, 4, '2020-11-05', 'h', NULL, '2020-12-14 04:57:32', '2020-12-14 04:57:32'),
(224, 5, '2020-11-05', 'h', NULL, '2020-12-14 04:57:32', '2020-12-14 04:57:32'),
(225, 6, '2020-11-05', 'h', NULL, '2020-12-14 04:57:32', '2020-12-14 04:57:32'),
(226, 7, '2020-11-05', 'h', NULL, '2020-12-14 04:57:32', '2020-12-14 04:57:32'),
(227, 8, '2020-11-05', 'h', NULL, '2020-12-14 04:57:32', '2020-12-14 04:57:32'),
(228, 10, '2020-11-05', 'h', NULL, '2020-12-14 04:57:32', '2020-12-14 04:57:32'),
(229, 1, '2020-11-06', 'h', NULL, '2020-12-14 04:57:34', '2020-12-14 04:57:34'),
(230, 2, '2020-11-06', 'h', NULL, '2020-12-14 04:57:34', '2020-12-14 04:57:34'),
(231, 3, '2020-11-06', 'h', NULL, '2020-12-14 04:57:34', '2020-12-14 04:57:34'),
(232, 4, '2020-11-06', 'h', NULL, '2020-12-14 04:57:34', '2020-12-14 04:57:34'),
(233, 5, '2020-11-06', 'h', NULL, '2020-12-14 04:57:34', '2020-12-14 04:57:34'),
(234, 6, '2020-11-06', 'h', NULL, '2020-12-14 04:57:34', '2020-12-14 04:57:34'),
(235, 7, '2020-11-06', 'h', NULL, '2020-12-14 04:57:34', '2020-12-14 04:57:34'),
(236, 8, '2020-11-06', 'h', NULL, '2020-12-14 04:57:34', '2020-12-14 04:57:34'),
(237, 10, '2020-11-06', 'h', NULL, '2020-12-14 04:57:34', '2020-12-14 04:57:34'),
(238, 1, '2020-11-07', 'h', NULL, '2020-12-14 04:57:36', '2020-12-14 04:57:36'),
(239, 2, '2020-11-07', 'h', NULL, '2020-12-14 04:57:36', '2020-12-14 04:57:36'),
(240, 3, '2020-11-07', 'h', NULL, '2020-12-14 04:57:36', '2020-12-14 04:57:36'),
(241, 4, '2020-11-07', 'h', NULL, '2020-12-14 04:57:36', '2020-12-14 04:57:36'),
(242, 5, '2020-11-07', 'h', NULL, '2020-12-14 04:57:36', '2020-12-14 04:57:36'),
(243, 6, '2020-11-07', 'h', NULL, '2020-12-14 04:57:36', '2020-12-14 04:57:36'),
(244, 7, '2020-11-07', 'h', NULL, '2020-12-14 04:57:36', '2020-12-14 04:57:36'),
(245, 8, '2020-11-07', 'h', NULL, '2020-12-14 04:57:36', '2020-12-14 04:57:36'),
(246, 10, '2020-11-07', 'h', NULL, '2020-12-14 04:57:36', '2020-12-14 04:57:36'),
(247, 1, '2020-11-08', 'l', NULL, '2020-12-14 04:57:39', '2020-12-14 04:57:39'),
(248, 2, '2020-11-08', 'l', NULL, '2020-12-14 04:57:39', '2020-12-14 04:57:39'),
(249, 3, '2020-11-08', 'l', NULL, '2020-12-14 04:57:39', '2020-12-14 04:57:39'),
(250, 4, '2020-11-08', 'l', NULL, '2020-12-14 04:57:39', '2020-12-14 04:57:39'),
(251, 5, '2020-11-08', 'l', NULL, '2020-12-14 04:57:39', '2020-12-14 04:57:39'),
(252, 6, '2020-11-08', 'l', NULL, '2020-12-14 04:57:39', '2020-12-14 04:57:39'),
(253, 7, '2020-11-08', 'l', NULL, '2020-12-14 04:57:39', '2020-12-14 04:57:39'),
(254, 8, '2020-11-08', 'l', NULL, '2020-12-14 04:57:39', '2020-12-14 04:57:39'),
(255, 10, '2020-11-08', 'l', NULL, '2020-12-14 04:57:39', '2020-12-14 04:57:39'),
(256, 1, '2020-11-09', 'h', NULL, '2020-12-14 04:57:41', '2020-12-14 04:57:41'),
(257, 2, '2020-11-09', 'h', NULL, '2020-12-14 04:57:41', '2020-12-14 04:57:41'),
(258, 3, '2020-11-09', 'h', NULL, '2020-12-14 04:57:41', '2020-12-14 04:57:41'),
(259, 4, '2020-11-09', 'h', NULL, '2020-12-14 04:57:41', '2020-12-14 04:57:41'),
(260, 5, '2020-11-09', 'h', NULL, '2020-12-14 04:57:41', '2020-12-14 04:57:41'),
(261, 6, '2020-11-09', 'h', NULL, '2020-12-14 04:57:41', '2020-12-14 04:57:41'),
(262, 7, '2020-11-09', 'h', NULL, '2020-12-14 04:57:41', '2020-12-14 04:57:41'),
(263, 8, '2020-11-09', 'h', NULL, '2020-12-14 04:57:41', '2020-12-14 04:57:41'),
(264, 10, '2020-11-09', 'h', NULL, '2020-12-14 04:57:41', '2020-12-14 04:57:41'),
(265, 1, '2020-12-13', 'l', NULL, '2020-12-14 10:25:28', '2020-12-14 10:25:28'),
(266, 2, '2020-12-13', 'l', NULL, '2020-12-14 10:25:28', '2020-12-14 10:25:28'),
(267, 3, '2020-12-13', 'l', NULL, '2020-12-14 10:25:28', '2020-12-14 10:25:28'),
(268, 4, '2020-12-13', 'l', NULL, '2020-12-14 10:25:28', '2020-12-14 10:25:28'),
(269, 5, '2020-12-13', 'l', NULL, '2020-12-14 10:25:28', '2020-12-14 10:25:28'),
(270, 6, '2020-12-13', 'l', NULL, '2020-12-14 10:25:28', '2020-12-14 10:25:28'),
(271, 7, '2020-12-13', 'l', NULL, '2020-12-14 10:25:28', '2020-12-14 10:25:28'),
(272, 8, '2020-12-13', 'l', NULL, '2020-12-14 10:25:28', '2020-12-14 10:25:28'),
(273, 10, '2020-12-13', 'l', NULL, '2020-12-14 10:25:28', '2020-12-14 10:25:28'),
(274, 1, '2020-11-11', 'h', NULL, '2020-12-14 10:30:56', '2020-12-14 10:30:56'),
(275, 2, '2020-11-11', 'h', NULL, '2020-12-14 10:30:56', '2020-12-14 10:30:56'),
(276, 3, '2020-11-11', 'h', NULL, '2020-12-14 10:30:56', '2020-12-14 10:30:56'),
(277, 4, '2020-11-11', 'h', NULL, '2020-12-14 10:30:56', '2020-12-14 10:30:56'),
(278, 5, '2020-11-11', 'h', NULL, '2020-12-14 10:30:56', '2020-12-14 10:30:56'),
(279, 6, '2020-11-11', 'h', NULL, '2020-12-14 10:30:56', '2020-12-14 10:30:56'),
(280, 7, '2020-11-11', 'h', NULL, '2020-12-14 10:30:56', '2020-12-14 10:30:56'),
(281, 8, '2020-11-11', 'h', NULL, '2020-12-14 10:30:56', '2020-12-14 10:30:56'),
(282, 10, '2020-11-11', 'h', NULL, '2020-12-14 10:30:56', '2020-12-14 10:30:56'),
(283, 1, '2020-11-12', 'h', NULL, '2020-12-14 10:32:24', '2020-12-14 10:32:24'),
(284, 2, '2020-11-12', 'h', NULL, '2020-12-14 10:32:24', '2020-12-14 10:32:24'),
(285, 3, '2020-11-12', 'h', NULL, '2020-12-14 10:32:24', '2020-12-14 10:32:24'),
(286, 4, '2020-11-12', 'h', NULL, '2020-12-14 10:32:24', '2020-12-14 10:32:24'),
(287, 5, '2020-11-12', 'h', NULL, '2020-12-14 10:32:24', '2020-12-14 10:32:24'),
(288, 6, '2020-11-12', 'h', NULL, '2020-12-14 10:32:24', '2020-12-14 10:32:24'),
(289, 7, '2020-11-12', 'h', NULL, '2020-12-14 10:32:24', '2020-12-14 10:32:24'),
(290, 8, '2020-11-12', 'h', NULL, '2020-12-14 10:32:24', '2020-12-14 10:32:24'),
(291, 10, '2020-11-12', 'h', NULL, '2020-12-14 10:32:24', '2020-12-14 10:32:24'),
(292, 1, '2020-11-13', 'h', NULL, '2020-12-14 10:32:25', '2020-12-14 10:32:25'),
(293, 2, '2020-11-13', 'h', NULL, '2020-12-14 10:32:25', '2020-12-14 10:32:25'),
(294, 3, '2020-11-13', 'h', NULL, '2020-12-14 10:32:25', '2020-12-14 10:32:25'),
(295, 4, '2020-11-13', 'h', NULL, '2020-12-14 10:32:25', '2020-12-14 10:32:25'),
(296, 5, '2020-11-13', 'h', NULL, '2020-12-14 10:32:25', '2020-12-14 10:32:25'),
(297, 6, '2020-11-13', 'h', NULL, '2020-12-14 10:32:25', '2020-12-14 10:32:25'),
(298, 7, '2020-11-13', 'h', NULL, '2020-12-14 10:32:25', '2020-12-14 10:32:25'),
(299, 8, '2020-11-13', 'h', NULL, '2020-12-14 10:32:25', '2020-12-14 10:32:25'),
(300, 10, '2020-11-13', 'h', NULL, '2020-12-14 10:32:25', '2020-12-14 10:32:25'),
(301, 1, '2020-11-14', 'h', NULL, '2020-12-14 10:32:27', '2020-12-14 10:32:27'),
(302, 2, '2020-11-14', 'h', NULL, '2020-12-14 10:32:27', '2020-12-14 10:32:27'),
(303, 3, '2020-11-14', 'h', NULL, '2020-12-14 10:32:27', '2020-12-14 10:32:27'),
(304, 4, '2020-11-14', 'h', NULL, '2020-12-14 10:32:27', '2020-12-14 10:32:27'),
(305, 5, '2020-11-14', 'h', NULL, '2020-12-14 10:32:27', '2020-12-14 10:32:27'),
(306, 6, '2020-11-14', 'h', NULL, '2020-12-14 10:32:27', '2020-12-14 10:32:27'),
(307, 7, '2020-11-14', 'h', NULL, '2020-12-14 10:32:27', '2020-12-14 10:32:27'),
(308, 8, '2020-11-14', 'h', NULL, '2020-12-14 10:32:27', '2020-12-14 10:32:27'),
(309, 10, '2020-11-14', 'h', NULL, '2020-12-14 10:32:27', '2020-12-14 10:32:27'),
(310, 1, '2020-11-15', 'l', NULL, '2020-12-14 10:32:28', '2020-12-14 10:32:28'),
(311, 2, '2020-11-15', 'l', NULL, '2020-12-14 10:32:28', '2020-12-14 10:32:28'),
(312, 3, '2020-11-15', 'l', NULL, '2020-12-14 10:32:28', '2020-12-14 10:32:28'),
(313, 4, '2020-11-15', 'l', NULL, '2020-12-14 10:32:28', '2020-12-14 10:32:28'),
(314, 5, '2020-11-15', 'l', NULL, '2020-12-14 10:32:28', '2020-12-14 10:32:28'),
(315, 6, '2020-11-15', 'l', NULL, '2020-12-14 10:32:28', '2020-12-14 10:32:28'),
(316, 7, '2020-11-15', 'l', NULL, '2020-12-14 10:32:28', '2020-12-14 10:32:28'),
(317, 8, '2020-11-15', 'l', NULL, '2020-12-14 10:32:28', '2020-12-14 10:32:28'),
(318, 10, '2020-11-15', 'l', NULL, '2020-12-14 10:32:28', '2020-12-14 10:32:28'),
(319, 1, '2020-11-16', 'h', NULL, '2020-12-14 10:32:30', '2020-12-14 10:32:30'),
(320, 2, '2020-11-16', 'h', NULL, '2020-12-14 10:32:30', '2020-12-14 10:32:30'),
(321, 3, '2020-11-16', 'h', NULL, '2020-12-14 10:32:30', '2020-12-14 10:32:30'),
(322, 4, '2020-11-16', 'h', NULL, '2020-12-14 10:32:30', '2020-12-14 10:32:30'),
(323, 5, '2020-11-16', 'h', NULL, '2020-12-14 10:32:30', '2020-12-14 10:32:30'),
(324, 6, '2020-11-16', 'h', NULL, '2020-12-14 10:32:30', '2020-12-14 10:32:30'),
(325, 7, '2020-11-16', 'h', NULL, '2020-12-14 10:32:30', '2020-12-14 10:32:30'),
(326, 8, '2020-11-16', 'h', NULL, '2020-12-14 10:32:30', '2020-12-14 10:32:30'),
(327, 10, '2020-11-16', 'h', NULL, '2020-12-14 10:32:30', '2020-12-14 10:32:30'),
(328, 1, '2020-11-17', 'h', NULL, '2020-12-14 10:32:32', '2020-12-14 10:32:32'),
(329, 2, '2020-11-17', 'h', NULL, '2020-12-14 10:32:32', '2020-12-14 10:32:32'),
(330, 3, '2020-11-17', 'h', NULL, '2020-12-14 10:32:32', '2020-12-14 10:32:32'),
(331, 4, '2020-11-17', 'h', NULL, '2020-12-14 10:32:32', '2020-12-14 10:32:32'),
(332, 5, '2020-11-17', 'h', NULL, '2020-12-14 10:32:32', '2020-12-14 10:32:32'),
(333, 6, '2020-11-17', 'h', NULL, '2020-12-14 10:32:32', '2020-12-14 10:32:32'),
(334, 7, '2020-11-17', 'h', NULL, '2020-12-14 10:32:32', '2020-12-14 10:32:32'),
(335, 8, '2020-11-17', 'h', NULL, '2020-12-14 10:32:32', '2020-12-14 10:32:32'),
(336, 10, '2020-11-17', 'h', NULL, '2020-12-14 10:32:32', '2020-12-14 10:32:32'),
(337, 1, '2020-11-18', 'h', NULL, '2020-12-14 10:32:33', '2020-12-14 10:32:33'),
(338, 2, '2020-11-18', 'h', NULL, '2020-12-14 10:32:33', '2020-12-14 10:32:33'),
(339, 3, '2020-11-18', 'h', NULL, '2020-12-14 10:32:33', '2020-12-14 10:32:33'),
(340, 4, '2020-11-18', 'h', NULL, '2020-12-14 10:32:33', '2020-12-14 10:32:33'),
(341, 5, '2020-11-18', 'h', NULL, '2020-12-14 10:32:33', '2020-12-14 10:32:33'),
(342, 6, '2020-11-18', 'h', NULL, '2020-12-14 10:32:33', '2020-12-14 10:32:33'),
(343, 7, '2020-11-18', 'h', NULL, '2020-12-14 10:32:33', '2020-12-14 10:32:33'),
(344, 8, '2020-11-18', 'h', NULL, '2020-12-14 10:32:33', '2020-12-14 10:32:33'),
(345, 10, '2020-11-18', 'h', NULL, '2020-12-14 10:32:33', '2020-12-14 10:32:33'),
(346, 1, '2020-11-19', 'h', NULL, '2020-12-14 10:32:35', '2020-12-14 10:32:35'),
(347, 2, '2020-11-19', 'h', NULL, '2020-12-14 10:32:35', '2020-12-14 10:32:35'),
(348, 3, '2020-11-19', 'h', NULL, '2020-12-14 10:32:35', '2020-12-14 10:32:35'),
(349, 4, '2020-11-19', 'h', NULL, '2020-12-14 10:32:35', '2020-12-14 10:32:35'),
(350, 5, '2020-11-19', 'h', NULL, '2020-12-14 10:32:35', '2020-12-14 10:32:35'),
(351, 6, '2020-11-19', 'h', NULL, '2020-12-14 10:32:35', '2020-12-14 10:32:35'),
(352, 7, '2020-11-19', 'h', NULL, '2020-12-14 10:32:35', '2020-12-14 10:32:35'),
(353, 8, '2020-11-19', 'h', NULL, '2020-12-14 10:32:35', '2020-12-14 10:32:35'),
(354, 10, '2020-11-19', 'h', NULL, '2020-12-14 10:32:35', '2020-12-14 10:32:35'),
(355, 1, '2020-11-20', 'h', NULL, '2020-12-14 10:32:37', '2020-12-14 10:32:37'),
(356, 2, '2020-11-20', 'h', NULL, '2020-12-14 10:32:37', '2020-12-14 10:32:37'),
(357, 3, '2020-11-20', 'h', NULL, '2020-12-14 10:32:37', '2020-12-14 10:32:37'),
(358, 4, '2020-11-20', 'h', NULL, '2020-12-14 10:32:37', '2020-12-14 10:32:37'),
(359, 5, '2020-11-20', 'h', NULL, '2020-12-14 10:32:37', '2020-12-14 10:32:37'),
(360, 6, '2020-11-20', 'h', NULL, '2020-12-14 10:32:37', '2020-12-14 10:32:37'),
(361, 7, '2020-11-20', 'h', NULL, '2020-12-14 10:32:37', '2020-12-14 10:32:37'),
(362, 8, '2020-11-20', 'h', NULL, '2020-12-14 10:32:37', '2020-12-14 10:32:37'),
(363, 10, '2020-11-20', 'h', NULL, '2020-12-14 10:32:37', '2020-12-14 10:32:37'),
(364, 1, '2020-11-21', 'h', NULL, '2020-12-14 10:32:38', '2020-12-14 10:32:38'),
(365, 2, '2020-11-21', 'h', NULL, '2020-12-14 10:32:38', '2020-12-14 10:32:38'),
(366, 3, '2020-11-21', 'h', NULL, '2020-12-14 10:32:38', '2020-12-14 10:32:38'),
(367, 4, '2020-11-21', 'h', NULL, '2020-12-14 10:32:38', '2020-12-14 10:32:38'),
(368, 5, '2020-11-21', 'h', NULL, '2020-12-14 10:32:38', '2020-12-14 10:32:38'),
(369, 6, '2020-11-21', 'h', NULL, '2020-12-14 10:32:38', '2020-12-14 10:32:38'),
(370, 7, '2020-11-21', 'h', NULL, '2020-12-14 10:32:38', '2020-12-14 10:32:38'),
(371, 8, '2020-11-21', 'h', NULL, '2020-12-14 10:32:38', '2020-12-14 10:32:38'),
(372, 10, '2020-11-21', 'h', NULL, '2020-12-14 10:32:38', '2020-12-14 10:32:38'),
(373, 1, '2020-11-22', 'l', NULL, '2020-12-14 10:32:39', '2020-12-14 10:32:39'),
(374, 2, '2020-11-22', 'l', NULL, '2020-12-14 10:32:39', '2020-12-14 10:32:39'),
(375, 3, '2020-11-22', 'l', NULL, '2020-12-14 10:32:39', '2020-12-14 10:32:39'),
(376, 4, '2020-11-22', 'l', NULL, '2020-12-14 10:32:39', '2020-12-14 10:32:39'),
(377, 5, '2020-11-22', 'l', NULL, '2020-12-14 10:32:39', '2020-12-14 10:32:39'),
(378, 6, '2020-11-22', 'l', NULL, '2020-12-14 10:32:39', '2020-12-14 10:32:39'),
(379, 7, '2020-11-22', 'l', NULL, '2020-12-14 10:32:39', '2020-12-14 10:32:39'),
(380, 8, '2020-11-22', 'l', NULL, '2020-12-14 10:32:39', '2020-12-14 10:32:39'),
(381, 10, '2020-11-22', 'l', NULL, '2020-12-14 10:32:39', '2020-12-14 10:32:39'),
(382, 1, '2020-11-23', 'h', NULL, '2020-12-14 10:32:41', '2020-12-14 10:32:41'),
(383, 2, '2020-11-23', 'h', NULL, '2020-12-14 10:32:41', '2020-12-14 10:32:41'),
(384, 3, '2020-11-23', 'h', NULL, '2020-12-14 10:32:41', '2020-12-14 10:32:41'),
(385, 4, '2020-11-23', 'h', NULL, '2020-12-14 10:32:41', '2020-12-14 10:32:41'),
(386, 5, '2020-11-23', 'h', NULL, '2020-12-14 10:32:41', '2020-12-14 10:32:41'),
(387, 6, '2020-11-23', 'h', NULL, '2020-12-14 10:32:41', '2020-12-14 10:32:41'),
(388, 7, '2020-11-23', 'h', NULL, '2020-12-14 10:32:41', '2020-12-14 10:32:41'),
(389, 8, '2020-11-23', 'h', NULL, '2020-12-14 10:32:41', '2020-12-14 10:32:41'),
(390, 10, '2020-11-23', 'h', NULL, '2020-12-14 10:32:41', '2020-12-14 10:32:41'),
(391, 1, '2020-11-24', 'h', NULL, '2020-12-14 10:32:42', '2020-12-14 10:32:42'),
(392, 2, '2020-11-24', 'h', NULL, '2020-12-14 10:32:42', '2020-12-14 10:32:42'),
(393, 3, '2020-11-24', 'h', NULL, '2020-12-14 10:32:42', '2020-12-14 10:32:42'),
(394, 4, '2020-11-24', 'h', NULL, '2020-12-14 10:32:42', '2020-12-14 10:32:42'),
(395, 5, '2020-11-24', 'h', NULL, '2020-12-14 10:32:42', '2020-12-14 10:32:42'),
(396, 6, '2020-11-24', 'h', NULL, '2020-12-14 10:32:42', '2020-12-14 10:32:42'),
(397, 7, '2020-11-24', 'h', NULL, '2020-12-14 10:32:42', '2020-12-14 10:32:42'),
(398, 8, '2020-11-24', 'h', NULL, '2020-12-14 10:32:42', '2020-12-14 10:32:42'),
(399, 10, '2020-11-24', 'h', NULL, '2020-12-14 10:32:42', '2020-12-14 10:32:42'),
(400, 1, '2020-11-25', 'h', NULL, '2020-12-14 10:32:43', '2020-12-14 10:32:43'),
(401, 2, '2020-11-25', 'h', NULL, '2020-12-14 10:32:43', '2020-12-14 10:32:43'),
(402, 3, '2020-11-25', 'h', NULL, '2020-12-14 10:32:43', '2020-12-14 10:32:43'),
(403, 4, '2020-11-25', 'h', NULL, '2020-12-14 10:32:43', '2020-12-14 10:32:43'),
(404, 5, '2020-11-25', 'h', NULL, '2020-12-14 10:32:43', '2020-12-14 10:32:43'),
(405, 6, '2020-11-25', 'h', NULL, '2020-12-14 10:32:43', '2020-12-14 10:32:43'),
(406, 7, '2020-11-25', 'h', NULL, '2020-12-14 10:32:43', '2020-12-14 10:32:43'),
(407, 8, '2020-11-25', 'h', NULL, '2020-12-14 10:32:43', '2020-12-14 10:32:43'),
(408, 10, '2020-11-25', 'h', NULL, '2020-12-14 10:32:43', '2020-12-14 10:32:43'),
(409, 1, '2020-11-26', 'h', NULL, '2020-12-14 10:32:44', '2020-12-14 10:32:44'),
(410, 2, '2020-11-26', 'h', NULL, '2020-12-14 10:32:44', '2020-12-14 10:32:44'),
(411, 3, '2020-11-26', 'h', NULL, '2020-12-14 10:32:44', '2020-12-14 10:32:44'),
(412, 4, '2020-11-26', 'h', NULL, '2020-12-14 10:32:44', '2020-12-14 10:32:44'),
(413, 5, '2020-11-26', 'h', NULL, '2020-12-14 10:32:44', '2020-12-14 10:32:44'),
(414, 6, '2020-11-26', 'h', NULL, '2020-12-14 10:32:44', '2020-12-14 10:32:44'),
(415, 7, '2020-11-26', 'h', NULL, '2020-12-14 10:32:44', '2020-12-14 10:32:44'),
(416, 8, '2020-11-26', 'h', NULL, '2020-12-14 10:32:45', '2020-12-14 10:32:45'),
(417, 10, '2020-11-26', 'h', NULL, '2020-12-14 10:32:45', '2020-12-14 10:32:45'),
(418, 1, '2020-11-27', 'h', NULL, '2020-12-14 10:32:46', '2020-12-14 10:32:46'),
(419, 2, '2020-11-27', 'h', NULL, '2020-12-14 10:32:46', '2020-12-14 10:32:46'),
(420, 3, '2020-11-27', 'h', NULL, '2020-12-14 10:32:46', '2020-12-14 10:32:46'),
(421, 4, '2020-11-27', 'h', NULL, '2020-12-14 10:32:46', '2020-12-14 10:32:46'),
(422, 5, '2020-11-27', 'h', NULL, '2020-12-14 10:32:46', '2020-12-14 10:32:46'),
(423, 6, '2020-11-27', 'h', NULL, '2020-12-14 10:32:46', '2020-12-14 10:32:46'),
(424, 7, '2020-11-27', 'h', NULL, '2020-12-14 10:32:46', '2020-12-14 10:32:46'),
(425, 8, '2020-11-27', 'h', NULL, '2020-12-14 10:32:46', '2020-12-14 10:32:46'),
(426, 10, '2020-11-27', 'h', NULL, '2020-12-14 10:32:46', '2020-12-14 10:32:46'),
(427, 1, '2020-11-28', 'h', NULL, '2020-12-14 10:32:47', '2020-12-14 10:32:47'),
(428, 2, '2020-11-28', 'h', NULL, '2020-12-14 10:32:47', '2020-12-14 10:32:47'),
(429, 3, '2020-11-28', 'h', NULL, '2020-12-14 10:32:47', '2020-12-14 10:32:47'),
(430, 4, '2020-11-28', 'h', NULL, '2020-12-14 10:32:47', '2020-12-14 10:32:47'),
(431, 5, '2020-11-28', 'h', NULL, '2020-12-14 10:32:47', '2020-12-14 10:32:47'),
(432, 6, '2020-11-28', 'h', NULL, '2020-12-14 10:32:47', '2020-12-14 10:32:47'),
(433, 7, '2020-11-28', 'h', NULL, '2020-12-14 10:32:47', '2020-12-14 10:32:47'),
(434, 8, '2020-11-28', 'h', NULL, '2020-12-14 10:32:47', '2020-12-14 10:32:47'),
(435, 10, '2020-11-28', 'h', NULL, '2020-12-14 10:32:47', '2020-12-14 10:32:47'),
(436, 1, '2020-11-29', 'l', NULL, '2020-12-14 10:32:49', '2020-12-14 10:32:49'),
(437, 2, '2020-11-29', 'l', NULL, '2020-12-14 10:32:49', '2020-12-14 10:32:49'),
(438, 3, '2020-11-29', 'l', NULL, '2020-12-14 10:32:49', '2020-12-14 10:32:49'),
(439, 4, '2020-11-29', 'l', NULL, '2020-12-14 10:32:49', '2020-12-14 10:32:49'),
(440, 5, '2020-11-29', 'l', NULL, '2020-12-14 10:32:49', '2020-12-14 10:32:49'),
(441, 6, '2020-11-29', 'l', NULL, '2020-12-14 10:32:49', '2020-12-14 10:32:49'),
(442, 7, '2020-11-29', 'l', NULL, '2020-12-14 10:32:49', '2020-12-14 10:32:49'),
(443, 8, '2020-11-29', 'l', NULL, '2020-12-14 10:32:49', '2020-12-14 10:32:49'),
(444, 10, '2020-11-29', 'l', NULL, '2020-12-14 10:32:49', '2020-12-14 10:32:49'),
(445, 1, '2020-11-30', 'h', NULL, '2020-12-14 10:32:50', '2020-12-14 10:32:50'),
(446, 2, '2020-11-30', 'h', NULL, '2020-12-14 10:32:50', '2020-12-14 10:32:50'),
(447, 3, '2020-11-30', 'h', NULL, '2020-12-14 10:32:50', '2020-12-14 10:32:50'),
(448, 4, '2020-11-30', 'h', NULL, '2020-12-14 10:32:50', '2020-12-14 10:32:50'),
(449, 5, '2020-11-30', 'h', NULL, '2020-12-14 10:32:50', '2020-12-14 10:32:50'),
(450, 6, '2020-11-30', 'h', NULL, '2020-12-14 10:32:50', '2020-12-14 10:32:50'),
(451, 7, '2020-11-30', 'h', NULL, '2020-12-14 10:32:50', '2020-12-14 10:32:50'),
(452, 8, '2020-11-30', 'h', NULL, '2020-12-14 10:32:50', '2020-12-14 10:32:50'),
(453, 10, '2020-11-30', 'h', NULL, '2020-12-14 10:32:50', '2020-12-14 10:32:50'),
(454, 1, '2020-11-10', 'h', NULL, '2020-12-14 10:34:13', '2020-12-14 10:34:13'),
(455, 2, '2020-11-10', 'h', NULL, '2020-12-14 10:34:13', '2020-12-14 10:34:13'),
(456, 3, '2020-11-10', 'h', NULL, '2020-12-14 10:34:13', '2020-12-14 10:34:13'),
(457, 4, '2020-11-10', 'h', NULL, '2020-12-14 10:34:14', '2020-12-14 10:34:14'),
(458, 5, '2020-11-10', 'h', NULL, '2020-12-14 10:34:14', '2020-12-14 10:34:14'),
(459, 6, '2020-11-10', 'h', NULL, '2020-12-14 10:34:14', '2020-12-14 10:34:14'),
(460, 7, '2020-11-10', 'h', NULL, '2020-12-14 10:34:14', '2020-12-14 10:34:14'),
(461, 8, '2020-11-10', 'h', NULL, '2020-12-14 10:34:14', '2020-12-14 10:34:14'),
(462, 10, '2020-11-10', 'h', NULL, '2020-12-14 10:34:14', '2020-12-14 10:34:14'),
(463, 11, '2020-12-14', 'h', NULL, '2020-12-14 11:14:07', '2020-12-14 11:14:07'),
(464, 11, '2020-11-14', 'h', NULL, '2020-12-14 11:58:37', '2020-12-14 11:58:37'),
(465, 11, '2020-12-12', 'h', NULL, '2020-12-14 12:00:05', '2020-12-14 12:00:05'),
(466, 1, '2020-12-19', 'h', NULL, '2020-12-19 01:19:36', '2020-12-19 01:19:36'),
(467, 2, '2020-12-19', 'h', NULL, '2020-12-19 01:19:36', '2020-12-19 01:19:36'),
(468, 3, '2020-12-19', 'h', NULL, '2020-12-19 01:19:36', '2020-12-19 01:19:36'),
(469, 4, '2020-12-19', 'h', NULL, '2020-12-19 01:19:36', '2020-12-19 01:19:36'),
(470, 5, '2020-12-19', 'h', NULL, '2020-12-19 01:19:36', '2020-12-19 01:19:36'),
(471, 6, '2020-12-19', 'h', NULL, '2020-12-19 01:19:36', '2020-12-19 01:19:36'),
(472, 7, '2020-12-19', 'h', NULL, '2020-12-19 01:19:36', '2020-12-19 01:19:36'),
(473, 8, '2020-12-19', 'h', NULL, '2020-12-19 01:19:36', '2020-12-19 01:19:36'),
(474, 10, '2020-12-19', 'h', NULL, '2020-12-19 01:19:36', '2020-12-19 01:19:36'),
(475, 11, '2020-12-19', 'h', NULL, '2020-12-19 01:19:36', '2020-12-19 01:19:36'),
(476, 1, '2020-12-18', 'h', NULL, '2020-12-19 07:08:24', '2020-12-19 07:08:24'),
(477, 2, '2020-12-18', 'h', NULL, '2020-12-19 07:08:24', '2020-12-19 07:08:24'),
(478, 3, '2020-12-18', 'h', NULL, '2020-12-19 07:08:25', '2020-12-19 07:08:25'),
(479, 4, '2020-12-18', 'h', NULL, '2020-12-19 07:08:25', '2020-12-19 07:08:25'),
(480, 5, '2020-12-18', 'h', NULL, '2020-12-19 07:08:25', '2020-12-19 07:08:25'),
(481, 6, '2020-12-18', 'h', NULL, '2020-12-19 07:08:25', '2020-12-19 07:08:25'),
(482, 7, '2020-12-18', 'h', NULL, '2020-12-19 07:08:25', '2020-12-19 07:08:25'),
(483, 8, '2020-12-18', 'h', NULL, '2020-12-19 07:08:25', '2020-12-19 07:08:25'),
(484, 10, '2020-12-18', 'h', NULL, '2020-12-19 07:08:25', '2020-12-19 07:08:25'),
(485, 11, '2020-12-18', 'h', NULL, '2020-12-19 07:08:25', '2020-12-19 07:08:25'),
(486, 1, '2020-12-17', 'h', NULL, '2020-12-19 07:08:27', '2020-12-19 07:08:27'),
(487, 2, '2020-12-17', 'h', NULL, '2020-12-19 07:08:27', '2020-12-19 07:08:27'),
(488, 3, '2020-12-17', 'h', NULL, '2020-12-19 07:08:27', '2020-12-19 07:08:27'),
(489, 4, '2020-12-17', 'h', NULL, '2020-12-19 07:08:27', '2020-12-19 07:08:27'),
(490, 5, '2020-12-17', 'h', NULL, '2020-12-19 07:08:27', '2020-12-19 07:08:27'),
(491, 6, '2020-12-17', 'h', NULL, '2020-12-19 07:08:27', '2020-12-19 07:08:27'),
(492, 7, '2020-12-17', 'h', NULL, '2020-12-19 07:08:27', '2020-12-19 07:08:27'),
(493, 8, '2020-12-17', 'h', NULL, '2020-12-19 07:08:27', '2020-12-19 07:08:27'),
(494, 10, '2020-12-17', 'h', NULL, '2020-12-19 07:08:27', '2020-12-19 07:08:27'),
(495, 11, '2020-12-17', 'h', NULL, '2020-12-19 07:08:27', '2020-12-19 07:08:27'),
(496, 1, '2020-12-16', 'h', NULL, '2020-12-19 07:08:31', '2020-12-19 07:08:31'),
(497, 2, '2020-12-16', 'h', NULL, '2020-12-19 07:08:31', '2020-12-19 07:08:31'),
(498, 3, '2020-12-16', 'h', NULL, '2020-12-19 07:08:31', '2020-12-19 07:08:31'),
(499, 4, '2020-12-16', 'h', NULL, '2020-12-19 07:08:31', '2020-12-19 07:08:31'),
(500, 5, '2020-12-16', 'h', NULL, '2020-12-19 07:08:31', '2020-12-19 07:08:31'),
(501, 6, '2020-12-16', 'h', NULL, '2020-12-19 07:08:31', '2020-12-19 07:08:31'),
(502, 7, '2020-12-16', 'h', NULL, '2020-12-19 07:08:31', '2020-12-19 07:08:31'),
(503, 8, '2020-12-16', 'h', NULL, '2020-12-19 07:08:31', '2020-12-19 07:08:31'),
(504, 10, '2020-12-16', 'h', NULL, '2020-12-19 07:08:31', '2020-12-19 07:08:31'),
(505, 11, '2020-12-16', 'h', NULL, '2020-12-19 07:08:31', '2020-12-19 07:08:31'),
(506, 1, '2020-12-15', 'h', NULL, '2020-12-19 07:08:33', '2020-12-19 07:08:33'),
(507, 2, '2020-12-15', 'h', NULL, '2020-12-19 07:08:33', '2020-12-19 07:08:33'),
(508, 3, '2020-12-15', 'h', NULL, '2020-12-19 07:08:33', '2020-12-19 07:08:33'),
(509, 4, '2020-12-15', 'h', NULL, '2020-12-19 07:08:33', '2020-12-19 07:08:33'),
(510, 5, '2020-12-15', 'h', NULL, '2020-12-19 07:08:33', '2020-12-19 07:08:33'),
(511, 6, '2020-12-15', 'h', NULL, '2020-12-19 07:08:33', '2020-12-19 07:08:33'),
(512, 7, '2020-12-15', 'h', NULL, '2020-12-19 07:08:33', '2020-12-19 07:08:33'),
(513, 8, '2020-12-15', 'h', NULL, '2020-12-19 07:08:33', '2020-12-19 07:08:33'),
(514, 10, '2020-12-15', 'h', NULL, '2020-12-19 07:08:33', '2020-12-19 07:08:33'),
(515, 11, '2020-12-15', 'h', NULL, '2020-12-19 07:08:33', '2020-12-19 07:08:33'),
(516, 11, '2020-12-10', 'h', NULL, '2020-12-19 07:21:46', '2020-12-19 07:21:46'),
(517, 11, '2020-12-11', 'h', NULL, '2020-12-19 07:25:25', '2020-12-19 07:25:25'),
(518, 11, '2020-12-13', 'l', NULL, '2020-12-19 07:25:44', '2020-12-19 07:25:44'),
(519, 11, '2020-12-06', 'l', NULL, '2020-12-19 07:31:32', '2020-12-19 07:31:32'),
(520, 11, '2020-12-07', 'h', NULL, '2020-12-19 07:32:34', '2020-12-19 07:32:34'),
(521, 11, '2020-12-08', 'h', NULL, '2020-12-19 07:32:36', '2020-12-19 07:32:36'),
(522, 11, '2020-12-09', 'h', NULL, '2020-12-19 07:32:38', '2020-12-19 07:32:38'),
(523, 1, '2020-12-20', 'l', NULL, '2020-12-20 09:23:03', '2020-12-20 09:23:03'),
(524, 2, '2020-12-20', 'l', NULL, '2020-12-20 09:23:03', '2020-12-20 09:23:03'),
(525, 3, '2020-12-20', 'l', NULL, '2020-12-20 09:23:03', '2020-12-20 09:23:03'),
(526, 4, '2020-12-20', 'l', NULL, '2020-12-20 09:23:03', '2020-12-20 09:23:03'),
(527, 5, '2020-12-20', 'l', NULL, '2020-12-20 09:23:03', '2020-12-20 09:23:03'),
(528, 6, '2020-12-20', 'l', NULL, '2020-12-20 09:23:03', '2020-12-20 09:23:03'),
(529, 7, '2020-12-20', 'l', NULL, '2020-12-20 09:23:03', '2020-12-20 09:23:03'),
(530, 8, '2020-12-20', 'l', NULL, '2020-12-20 09:23:03', '2020-12-20 09:23:03'),
(531, 10, '2020-12-20', 'l', NULL, '2020-12-20 09:23:03', '2020-12-20 09:23:03'),
(532, 11, '2020-12-20', 'l', NULL, '2020-12-20 09:23:03', '2020-12-20 09:23:03'),
(533, 1, '2021-01-02', 'h', NULL, '2021-01-02 07:22:03', '2021-01-02 07:22:03'),
(534, 2, '2021-01-02', 'h', NULL, '2021-01-02 07:22:03', '2021-01-02 07:22:03'),
(535, 3, '2021-01-02', 'h', NULL, '2021-01-02 07:22:03', '2021-01-02 07:22:03'),
(536, 4, '2021-01-02', 'h', NULL, '2021-01-02 07:22:04', '2021-01-02 07:22:04'),
(537, 5, '2021-01-02', 'h', NULL, '2021-01-02 07:22:04', '2021-01-02 07:22:04'),
(538, 6, '2021-01-02', 'h', NULL, '2021-01-02 07:22:04', '2021-01-02 07:22:04'),
(539, 7, '2021-01-02', 'h', NULL, '2021-01-02 07:22:04', '2021-01-02 07:22:04'),
(540, 8, '2021-01-02', 'h', NULL, '2021-01-02 07:22:04', '2021-01-02 07:22:04'),
(541, 10, '2021-01-02', 'h', NULL, '2021-01-02 07:22:04', '2021-01-02 07:22:04'),
(542, 11, '2021-01-02', 'h', NULL, '2021-01-02 07:22:04', '2021-01-02 07:22:04'),
(543, 1, '2021-01-08', 'h', NULL, '2021-01-08 13:51:07', '2021-01-08 13:51:07'),
(544, 2, '2021-01-08', 'h', NULL, '2021-01-08 13:51:08', '2021-01-08 13:51:08'),
(545, 3, '2021-01-08', 'h', NULL, '2021-01-08 13:51:08', '2021-01-08 13:51:08'),
(546, 4, '2021-01-08', 'h', NULL, '2021-01-08 13:51:08', '2021-01-08 13:51:08'),
(547, 5, '2021-01-08', 'h', NULL, '2021-01-08 13:51:08', '2021-01-08 13:51:08'),
(548, 6, '2021-01-08', 'h', NULL, '2021-01-08 13:51:08', '2021-01-08 13:51:08'),
(549, 7, '2021-01-08', 'h', NULL, '2021-01-08 13:51:08', '2021-01-08 13:51:08'),
(550, 8, '2021-01-08', 'h', NULL, '2021-01-08 13:51:08', '2021-01-08 13:51:08'),
(551, 10, '2021-01-08', 'h', NULL, '2021-01-08 13:51:08', '2021-01-08 13:51:08'),
(552, 11, '2021-01-08', 'h', NULL, '2021-01-08 13:51:08', '2021-01-08 13:51:08'),
(553, 1, '2021-01-10', 'l', NULL, '2021-01-10 11:28:33', '2021-01-10 11:28:33'),
(554, 2, '2021-01-10', 'l', NULL, '2021-01-10 11:28:33', '2021-01-10 11:28:33'),
(555, 3, '2021-01-10', 'l', NULL, '2021-01-10 11:28:33', '2021-01-10 11:28:33'),
(556, 4, '2021-01-10', 'l', NULL, '2021-01-10 11:28:33', '2021-01-10 11:28:33'),
(557, 5, '2021-01-10', 'l', NULL, '2021-01-10 11:28:34', '2021-01-10 11:28:34'),
(558, 6, '2021-01-10', 'l', NULL, '2021-01-10 11:28:34', '2021-01-10 11:28:34'),
(559, 7, '2021-01-10', 'l', NULL, '2021-01-10 11:28:34', '2021-01-10 11:28:34'),
(560, 8, '2021-01-10', 'l', NULL, '2021-01-10 11:28:34', '2021-01-10 11:28:34'),
(561, 10, '2021-01-10', 'l', NULL, '2021-01-10 11:28:34', '2021-01-10 11:28:34'),
(562, 11, '2021-01-10', 'l', NULL, '2021-01-10 11:28:34', '2021-01-10 11:28:34'),
(563, 1, '2021-02-01', 'h', NULL, '2021-02-01 13:40:51', '2021-02-01 13:40:51'),
(564, 2, '2021-02-01', 'h', NULL, '2021-02-01 13:40:51', '2021-02-01 13:40:51'),
(565, 3, '2021-02-01', 'h', NULL, '2021-02-01 13:40:51', '2021-02-01 13:40:51'),
(566, 4, '2021-02-01', 'h', NULL, '2021-02-01 13:40:51', '2021-02-01 13:40:51'),
(567, 5, '2021-02-01', 'h', NULL, '2021-02-01 13:40:51', '2021-02-01 13:40:51'),
(568, 6, '2021-02-01', 'h', NULL, '2021-02-01 13:40:51', '2021-02-01 13:40:51'),
(569, 7, '2021-02-01', 'h', NULL, '2021-02-01 13:40:51', '2021-02-01 13:40:51'),
(570, 8, '2021-02-01', 'h', NULL, '2021-02-01 13:40:51', '2021-02-01 13:40:51'),
(571, 10, '2021-02-01', 'h', NULL, '2021-02-01 13:40:51', '2021-02-01 13:40:51'),
(572, 11, '2021-02-01', 'h', NULL, '2021-02-01 13:40:51', '2021-02-01 13:40:51'),
(573, 1, '2021-02-06', 'h', NULL, '2021-02-06 16:35:33', '2021-02-06 16:35:33'),
(574, 2, '2021-02-06', 'h', NULL, '2021-02-06 16:35:33', '2021-02-06 16:35:33'),
(575, 3, '2021-02-06', 'h', NULL, '2021-02-06 16:35:33', '2021-02-06 16:35:33'),
(576, 4, '2021-02-06', 'h', NULL, '2021-02-06 16:35:33', '2021-02-06 16:35:33'),
(577, 5, '2021-02-06', 'h', NULL, '2021-02-06 16:35:33', '2021-02-06 16:35:33'),
(578, 6, '2021-02-06', 'h', NULL, '2021-02-06 16:35:33', '2021-02-06 16:35:33'),
(579, 7, '2021-02-06', 'h', NULL, '2021-02-06 16:35:33', '2021-02-06 16:35:33'),
(580, 8, '2021-02-06', 'h', NULL, '2021-02-06 16:35:33', '2021-02-06 16:35:33'),
(581, 10, '2021-02-06', 'h', NULL, '2021-02-06 16:35:33', '2021-02-06 16:35:33'),
(582, 11, '2021-02-06', 'h', NULL, '2021-02-06 16:35:33', '2021-02-06 16:35:33'),
(583, 1, '2021-02-12', 'h', NULL, '2021-02-12 08:25:33', '2021-02-12 08:25:33'),
(584, 2, '2021-02-12', 'h', NULL, '2021-02-12 08:25:33', '2021-02-12 08:25:33'),
(585, 3, '2021-02-12', 'h', NULL, '2021-02-12 08:25:33', '2021-02-12 08:25:33'),
(586, 4, '2021-02-12', 'h', NULL, '2021-02-12 08:25:33', '2021-02-12 08:25:33'),
(587, 5, '2021-02-12', 'h', NULL, '2021-02-12 08:25:33', '2021-02-12 08:25:33'),
(588, 6, '2021-02-12', 'h', NULL, '2021-02-12 08:25:33', '2021-02-12 08:25:33'),
(589, 7, '2021-02-12', 'h', NULL, '2021-02-12 08:25:33', '2021-02-12 08:25:33'),
(590, 8, '2021-02-12', 'h', NULL, '2021-02-12 08:25:33', '2021-02-12 08:25:33'),
(591, 10, '2021-02-12', 'h', NULL, '2021-02-12 08:25:33', '2021-02-12 08:25:33'),
(592, 11, '2021-02-12', 'h', NULL, '2021-02-12 08:25:33', '2021-02-12 08:25:33'),
(593, 1, '2021-02-13', 'h', NULL, '2021-02-13 03:59:16', '2021-02-13 03:59:16'),
(594, 2, '2021-02-13', 'h', NULL, '2021-02-13 03:59:16', '2021-02-13 03:59:16'),
(595, 3, '2021-02-13', 'h', NULL, '2021-02-13 03:59:16', '2021-02-13 03:59:16'),
(596, 4, '2021-02-13', 'h', NULL, '2021-02-13 03:59:16', '2021-02-13 03:59:16'),
(597, 5, '2021-02-13', 'h', NULL, '2021-02-13 03:59:16', '2021-02-13 03:59:16'),
(598, 6, '2021-02-13', 'h', NULL, '2021-02-13 03:59:16', '2021-02-13 03:59:16'),
(599, 7, '2021-02-13', 'h', NULL, '2021-02-13 03:59:16', '2021-02-13 03:59:16'),
(600, 8, '2021-02-13', 'h', NULL, '2021-02-13 03:59:16', '2021-02-13 03:59:16'),
(601, 10, '2021-02-13', 'h', NULL, '2021-02-13 03:59:16', '2021-02-13 03:59:16'),
(602, 11, '2021-02-13', 'h', NULL, '2021-02-13 03:59:16', '2021-02-13 03:59:16'),
(603, 1, '2021-02-14', 'l', NULL, '2021-02-14 09:44:06', '2021-02-14 09:44:06'),
(604, 2, '2021-02-14', 'l', NULL, '2021-02-14 09:44:06', '2021-02-14 09:44:06'),
(605, 3, '2021-02-14', 'l', NULL, '2021-02-14 09:44:06', '2021-02-14 09:44:06'),
(606, 4, '2021-02-14', 'l', NULL, '2021-02-14 09:44:07', '2021-02-14 09:44:07'),
(607, 5, '2021-02-14', 'l', NULL, '2021-02-14 09:44:07', '2021-02-14 09:44:07'),
(608, 6, '2021-02-14', 'l', NULL, '2021-02-14 09:44:07', '2021-02-14 09:44:07'),
(609, 7, '2021-02-14', 'l', NULL, '2021-02-14 09:44:07', '2021-02-14 09:44:07'),
(610, 8, '2021-02-14', 'l', NULL, '2021-02-14 09:44:07', '2021-02-14 09:44:07'),
(611, 10, '2021-02-14', 'l', NULL, '2021-02-14 09:44:07', '2021-02-14 09:44:07'),
(612, 11, '2021-02-14', 'l', NULL, '2021-02-14 09:44:07', '2021-02-14 09:44:07'),
(613, 1, '2021-03-04', 'h', NULL, '2021-03-04 10:06:49', '2021-03-04 10:06:49'),
(614, 2, '2021-03-04', 'h', NULL, '2021-03-04 10:06:49', '2021-03-04 10:06:49'),
(615, 3, '2021-03-04', 'h', NULL, '2021-03-04 10:06:49', '2021-03-04 10:06:49'),
(616, 4, '2021-03-04', 'h', NULL, '2021-03-04 10:06:49', '2021-03-04 10:06:49'),
(617, 5, '2021-03-04', 'h', NULL, '2021-03-04 10:06:49', '2021-03-04 10:06:49'),
(618, 6, '2021-03-04', 'h', NULL, '2021-03-04 10:06:49', '2021-03-04 10:06:49'),
(619, 7, '2021-03-04', 'h', NULL, '2021-03-04 10:06:49', '2021-03-04 10:06:49'),
(620, 8, '2021-03-04', 'h', NULL, '2021-03-04 10:06:49', '2021-03-04 10:06:49'),
(621, 10, '2021-03-04', 'h', NULL, '2021-03-04 10:06:49', '2021-03-04 10:06:49'),
(622, 11, '2021-03-04', 'h', NULL, '2021-03-04 10:06:49', '2021-03-04 10:06:49');

-- --------------------------------------------------------

--
-- Table structure for table `barangs`
--

CREATE TABLE `barangs` (
  `id` bigint(20) UNSIGNED NOT NULL,
  `kategori_id` int(11) NOT NULL,
  `kode` varchar(255) COLLATE utf8mb4_unicode_ci NOT NULL,
  `name` varchar(255) COLLATE utf8mb4_unicode_ci NOT NULL,
  `stok` decimal(10,2) NOT NULL DEFAULT '0.00',
  `ket` text COLLATE utf8mb4_unicode_ci,
  `deleted_at` timestamp NULL DEFAULT NULL,
  `created_at` timestamp NULL DEFAULT NULL,
  `updated_at` timestamp NULL DEFAULT NULL
) ENGINE=InnoDB DEFAULT CHARSET=utf8mb4 COLLATE=utf8mb4_unicode_ci;

--
-- Dumping data for table `barangs`
--

INSERT INTO `barangs` (`id`, `kategori_id`, `kode`, `name`, `stok`, `ket`, `deleted_at`, `created_at`, `updated_at`) VALUES
(1, 1, 'TM1', 'TM1', '50.00', NULL, NULL, '2020-10-17 12:00:50', '2021-01-10 11:26:50'),
(2, 2, 'KNK', 'Kuningan Kasar', '50.00', NULL, NULL, '2020-10-17 12:04:36', '2021-01-10 11:26:49'),
(3, 1, 'TM2', 'TM2', '50.00', NULL, NULL, '2020-10-17 12:51:45', '2021-01-10 11:26:50'),
(4, 2, 'ELKTR', 'Elektro', '50.00', NULL, NULL, '2020-10-17 12:53:42', '2021-01-10 11:26:49'),
(5, 3, 'PLT', 'Plat', '50.00', NULL, NULL, '2020-10-17 13:16:06', '2021-01-10 11:26:49'),
(6, 3, 'KERE', 'Kere', '50.00', NULL, NULL, '2020-10-17 13:16:37', '2021-01-10 11:26:49'),
(7, 3, 'TTP BTL K', 'Tutup Botol Kotor', '50.00', NULL, NULL, '2020-10-17 15:33:48', '2021-01-10 11:26:49'),
(8, 3, 'AC', 'AC', '50.00', NULL, NULL, '2020-10-17 15:34:15', '2021-01-10 11:26:49'),
(9, 2, 'KNR', 'Kuningan Rongsok', '50.00', NULL, NULL, '2020-10-17 15:38:48', '2021-01-10 11:26:50'),
(10, 14, '304', '304', '150.00', NULL, NULL, '2020-10-17 15:41:46', '2021-02-14 12:51:28'),
(11, 16, 'AKI B', 'Aki Basah', '-50.00', NULL, NULL, '2020-10-17 15:42:26', '2021-02-14 12:51:28'),
(12, 16, 'AKI K', 'Aki Kering', '50.00', NULL, NULL, '2020-10-17 15:42:37', '2021-01-10 11:26:50'),
(13, 15, 'TMH HTM', 'Timah Hitam (PB)', '50.00', NULL, NULL, '2020-10-17 15:43:11', '2021-01-10 11:26:50'),
(14, 15, 'NKL BARU', 'Nikel Baru', '50.00', NULL, NULL, '2020-10-17 15:43:33', '2021-01-10 11:26:50'),
(15, 15, 'NKL BKS', 'Nikel Bekas', '50.00', NULL, NULL, '2020-10-17 15:43:44', '2021-01-10 11:26:50');

-- --------------------------------------------------------

--
-- Table structure for table `detail_returs`
--

CREATE TABLE `detail_returs` (
  `id` bigint(20) UNSIGNED NOT NULL,
  `retur_id` int(11) NOT NULL,
  `barang_id` int(11) NOT NULL,
  `berat` decimal(10,2) NOT NULL,
  `harga` bigint(20) NOT NULL,
  `created_at` timestamp NULL DEFAULT NULL,
  `updated_at` timestamp NULL DEFAULT NULL
) ENGINE=InnoDB DEFAULT CHARSET=utf8mb4 COLLATE=utf8mb4_unicode_ci;

-- --------------------------------------------------------

--
-- Table structure for table `detail_stok_opnames`
--

CREATE TABLE `detail_stok_opnames` (
  `id` bigint(20) UNSIGNED NOT NULL,
  `stok_opname_id` int(11) NOT NULL,
  `barang_id` int(11) NOT NULL,
  `stok_web` decimal(10,2) NOT NULL,
  `stok_real` decimal(10,2) NOT NULL,
  `created_at` timestamp NULL DEFAULT NULL,
  `updated_at` timestamp NULL DEFAULT NULL
) ENGINE=InnoDB DEFAULT CHARSET=utf8mb4 COLLATE=utf8mb4_unicode_ci;

--
-- Dumping data for table `detail_stok_opnames`
--

INSERT INTO `detail_stok_opnames` (`id`, `stok_opname_id`, `barang_id`, `stok_web`, `stok_real`, `created_at`, `updated_at`) VALUES
(31, 2, 8, '100.00', '50.00', '2021-01-10 11:27:53', '2021-01-10 11:27:53'),
(32, 2, 6, '100.00', '50.00', '2021-01-10 11:27:53', '2021-01-10 11:27:53'),
(33, 2, 5, '100.00', '50.00', '2021-01-10 11:27:53', '2021-01-10 11:27:53'),
(34, 2, 7, '100.00', '50.00', '2021-01-10 11:27:53', '2021-01-10 11:27:53'),
(35, 2, 4, '100.00', '50.00', '2021-01-10 11:27:53', '2021-01-10 11:27:53'),
(36, 2, 2, '100.00', '50.00', '2021-01-10 11:27:53', '2021-01-10 11:27:53'),
(37, 2, 9, '100.00', '50.00', '2021-01-10 11:27:53', '2021-01-10 11:27:53'),
(38, 2, 11, '100.00', '50.00', '2021-01-10 11:27:53', '2021-01-10 11:27:53'),
(39, 2, 12, '100.00', '50.00', '2021-01-10 11:27:53', '2021-01-10 11:27:53'),
(40, 2, 10, '100.00', '50.00', '2021-01-10 11:27:53', '2021-01-10 11:27:53'),
(41, 2, 1, '100.00', '50.00', '2021-01-10 11:27:53', '2021-01-10 11:27:53'),
(42, 2, 3, '100.00', '50.00', '2021-01-10 11:27:53', '2021-01-10 11:27:53'),
(43, 2, 14, '100.00', '50.00', '2021-01-10 11:27:53', '2021-01-10 11:27:53'),
(44, 2, 15, '100.00', '50.00', '2021-01-10 11:27:53', '2021-01-10 11:27:53'),
(45, 2, 13, '100.00', '50.00', '2021-01-10 11:27:53', '2021-01-10 11:27:53');

-- --------------------------------------------------------

--
-- Table structure for table `detail_transaksis`
--

CREATE TABLE `detail_transaksis` (
  `id` bigint(20) UNSIGNED NOT NULL,
  `transaksi_id` int(11) NOT NULL,
  `barang_id` int(11) NOT NULL,
  `berat` decimal(10,2) NOT NULL,
  `harga` bigint(20) NOT NULL,
  `jenis` int(11) NOT NULL,
  `retur` decimal(10,2) DEFAULT NULL,
  `potongan` decimal(10,2) DEFAULT NULL,
  `hpp` bigint(20) DEFAULT NULL,
  `lebih_kurang` decimal(10,2) DEFAULT NULL,
  `laba` bigint(20) DEFAULT NULL,
  `keterangan` varchar(255) COLLATE utf8mb4_unicode_ci DEFAULT NULL,
  `deleted_at` timestamp NULL DEFAULT NULL,
  `created_at` timestamp NULL DEFAULT NULL,
  `updated_at` timestamp NULL DEFAULT NULL,
  `tanggal` date NOT NULL DEFAULT '2021-02-07'
) ENGINE=InnoDB DEFAULT CHARSET=utf8mb4 COLLATE=utf8mb4_unicode_ci;

--
-- Dumping data for table `detail_transaksis`
--

INSERT INTO `detail_transaksis` (`id`, `transaksi_id`, `barang_id`, `berat`, `harga`, `jenis`, `retur`, `potongan`, `hpp`, `lebih_kurang`, `laba`, `keterangan`, `deleted_at`, `created_at`, `updated_at`, `tanggal`) VALUES
(1, 1, 1, '100.00', 102000, 2, '0.00', '0.00', 9000000, '0.00', 1200000, NULL, NULL, '2021-01-06 13:55:24', '2021-02-15 03:27:43', '2021-02-06'),
(2, 1, 11, '100.00', 13200, 2, '0.00', '0.00', 1200000, '0.00', 120000, NULL, NULL, '2021-01-06 13:55:24', '2021-02-15 03:27:44', '2021-02-06'),
(3, 2, 2, '100.00', 50000, 2, '0.00', '0.00', 4800000, '0.00', 200000, 'test', NULL, '2021-01-09 13:57:00', '2021-02-14 11:35:51', '2021-02-09'),
(4, 2, 9, '100.00', 48000, 2, '0.00', '0.00', 4500000, '0.00', 300000, 'test', NULL, '2021-01-09 13:57:00', '2021-02-14 11:35:52', '2021-02-09'),
(5, 3, 14, '100.00', 205000, 2, '0.00', '0.00', 19000000, '0.00', 1500000, 'asd', NULL, '2021-01-10 13:57:49', '2021-02-14 11:38:22', '2021-02-10'),
(6, 3, 7, '100.00', 8000, 2, '0.00', '0.00', 700000, '0.00', 100000, 'asd', NULL, '2021-01-10 13:57:49', '2021-02-14 11:38:23', '2021-02-10'),
(7, 4, 10, '100.00', 10000, 2, '0.00', '0.00', 900000, '5.00', 150000, NULL, NULL, '2021-02-12 13:42:35', '2021-02-14 12:10:44', '2021-02-12'),
(8, 5, 10, '100.00', 12000, 2, '0.00', '0.00', 1000000, '5.00', 260000, NULL, NULL, '2021-02-12 13:43:34', '2021-02-14 12:10:43', '2021-02-12'),
(10, 6, 10, '100.00', 15000, 2, '0.00', '0.00', 1300000, '0.00', 200000, NULL, NULL, '2021-02-14 12:51:28', '2021-02-15 03:27:18', '2021-02-14'),
(11, 6, 11, '100.00', 13200, 2, '5.00', '0.00', 1200000, '0.00', 120000, NULL, NULL, '2021-02-14 12:51:28', '2021-03-04 10:16:05', '2021-02-14');

-- --------------------------------------------------------

--
-- Table structure for table `failed_jobs`
--

CREATE TABLE `failed_jobs` (
  `id` bigint(20) UNSIGNED NOT NULL,
  `connection` text COLLATE utf8mb4_unicode_ci NOT NULL,
  `queue` text COLLATE utf8mb4_unicode_ci NOT NULL,
  `payload` longtext COLLATE utf8mb4_unicode_ci NOT NULL,
  `exception` longtext COLLATE utf8mb4_unicode_ci NOT NULL,
  `failed_at` timestamp NOT NULL DEFAULT CURRENT_TIMESTAMP
) ENGINE=InnoDB DEFAULT CHARSET=utf8mb4 COLLATE=utf8mb4_unicode_ci;

-- --------------------------------------------------------

--
-- Table structure for table `hargas`
--

CREATE TABLE `hargas` (
  `id` bigint(20) UNSIGNED NOT NULL,
  `barang_id` int(11) NOT NULL,
  `beli` bigint(20) NOT NULL,
  `jual` bigint(20) NOT NULL,
  `ket` text COLLATE utf8mb4_unicode_ci,
  `deleted_at` timestamp NULL DEFAULT NULL,
  `created_at` timestamp NULL DEFAULT NULL,
  `updated_at` timestamp NULL DEFAULT NULL
) ENGINE=InnoDB DEFAULT CHARSET=utf8mb4 COLLATE=utf8mb4_unicode_ci;

--
-- Dumping data for table `hargas`
--

INSERT INTO `hargas` (`id`, `barang_id`, `beli`, `jual`, `ket`, `deleted_at`, `created_at`, `updated_at`) VALUES
(1, 1, 102000, 0, 'Cahya', NULL, '2021-01-08 13:55:24', '2021-01-08 13:55:24'),
(2, 11, 13200, 0, 'Cahya', NULL, '2021-01-08 13:55:24', '2021-01-08 13:55:24'),
(3, 2, 50000, 0, 'Aji', NULL, '2021-01-08 13:57:00', '2021-01-08 13:57:00'),
(4, 9, 48000, 0, 'Aji', NULL, '2021-01-08 13:57:00', '2021-01-08 13:57:00'),
(5, 14, 205000, 0, 'Permana', NULL, '2021-01-08 13:57:49', '2021-01-08 13:57:49'),
(6, 7, 8000, 0, 'Permana', NULL, '2021-01-08 13:57:49', '2021-01-08 13:57:49'),
(7, 10, 10000, 0, 'Test', NULL, '2021-02-01 13:42:35', '2021-02-01 13:42:35'),
(8, 10, 12000, 0, 'Cahya', NULL, '2021-02-01 13:43:34', '2021-02-01 13:43:34'),
(9, 10, 0, 15000, 'Opik', NULL, '2021-02-01 13:45:38', '2021-02-01 13:45:38'),
(10, 11, 0, 13200, 'Opik', NULL, '2021-02-14 12:51:28', '2021-02-14 12:51:28');

-- --------------------------------------------------------

--
-- Table structure for table `hutangs`
--

CREATE TABLE `hutangs` (
  `id` bigint(20) UNSIGNED NOT NULL,
  `seller_id` varchar(255) COLLATE utf8mb4_unicode_ci NOT NULL,
  `transaksi_id` int(11) DEFAULT NULL,
  `tipe` varchar(255) COLLATE utf8mb4_unicode_ci NOT NULL,
  `jenis` varchar(255) COLLATE utf8mb4_unicode_ci NOT NULL,
  `jumlah` bigint(20) NOT NULL DEFAULT '0',
  `ket` text COLLATE utf8mb4_unicode_ci,
  `deleted_at` timestamp NULL DEFAULT NULL,
  `created_at` timestamp NULL DEFAULT NULL,
  `updated_at` timestamp NULL DEFAULT NULL
) ENGINE=InnoDB DEFAULT CHARSET=utf8mb4 COLLATE=utf8mb4_unicode_ci;

-- --------------------------------------------------------

--
-- Table structure for table `karyawans`
--

CREATE TABLE `karyawans` (
  `id` bigint(20) UNSIGNED NOT NULL,
  `nomor_karyawan` varchar(255) COLLATE utf8mb4_unicode_ci NOT NULL,
  `name` varchar(255) COLLATE utf8mb4_unicode_ci NOT NULL,
  `alamat` text COLLATE utf8mb4_unicode_ci,
  `status` int(11) NOT NULL DEFAULT '1',
  `created_at` timestamp NULL DEFAULT NULL,
  `updated_at` timestamp NULL DEFAULT NULL
) ENGINE=InnoDB DEFAULT CHARSET=utf8mb4 COLLATE=utf8mb4_unicode_ci;

--
-- Dumping data for table `karyawans`
--

INSERT INTO `karyawans` (`id`, `nomor_karyawan`, `name`, `alamat`, `status`, `created_at`, `updated_at`) VALUES
(1, '110010021', 'Saidi', NULL, 1, '2020-12-14 01:49:48', '2020-12-14 01:49:48'),
(2, '110010022', 'Suja\'i', NULL, 1, '2020-12-14 01:50:11', '2020-12-14 01:50:11'),
(3, '110010023', 'Salikin', NULL, 1, '2020-12-14 01:50:23', '2020-12-14 01:50:23'),
(4, '110010024', 'Sipol', NULL, 1, '2020-12-14 01:50:38', '2020-12-14 01:50:38'),
(5, '110010025', 'Emat', NULL, 1, '2020-12-14 01:50:45', '2020-12-14 01:50:45'),
(6, '110010026', 'Sam', NULL, 1, '2020-12-14 01:50:53', '2020-12-14 01:50:53'),
(7, '110010027', 'Dendi', NULL, 1, '2020-12-14 01:51:01', '2020-12-14 01:51:01'),
(8, '110010028', 'Aidis', NULL, 1, '2020-12-14 01:51:08', '2020-12-14 01:51:08'),
(10, '110010029', 'Cahya', 'Gunung Putri', 1, '2020-12-14 03:03:00', '2020-12-14 04:16:48'),
(11, '110010030', 'Opik', 'Gunung Putri', 1, '2020-12-14 11:12:01', '2020-12-14 11:12:01');

-- --------------------------------------------------------

--
-- Table structure for table `kategoris`
--

CREATE TABLE `kategoris` (
  `id` bigint(20) UNSIGNED NOT NULL,
  `name` varchar(255) COLLATE utf8mb4_unicode_ci NOT NULL,
  `deleted_at` timestamp NULL DEFAULT NULL,
  `created_at` timestamp NULL DEFAULT NULL,
  `updated_at` timestamp NULL DEFAULT NULL
) ENGINE=InnoDB DEFAULT CHARSET=utf8mb4 COLLATE=utf8mb4_unicode_ci;

--
-- Dumping data for table `kategoris`
--

INSERT INTO `kategoris` (`id`, `name`, `deleted_at`, `created_at`, `updated_at`) VALUES
(1, 'Tembaga', NULL, '2020-10-17 10:56:28', '2020-10-17 10:56:28'),
(2, 'Kuningan', NULL, '2020-10-17 10:58:53', '2020-10-17 10:58:53'),
(3, 'Alumunium', NULL, '2020-10-17 10:59:02', '2020-10-17 10:59:02'),
(13, 'Besi', NULL, '2020-10-17 12:12:22', '2020-10-17 12:12:22'),
(14, 'Stainless', NULL, '2020-10-17 12:12:28', '2020-10-17 12:12:28'),
(15, 'Timah', NULL, '2020-10-17 12:12:35', '2020-10-17 12:12:35'),
(16, 'Lain-lain', NULL, '2020-10-17 12:12:42', '2020-10-17 12:12:42');

-- --------------------------------------------------------

--
-- Table structure for table `migrations`
--

CREATE TABLE `migrations` (
  `id` int(10) UNSIGNED NOT NULL,
  `migration` varchar(255) COLLATE utf8mb4_unicode_ci NOT NULL,
  `batch` int(11) NOT NULL
) ENGINE=InnoDB DEFAULT CHARSET=utf8mb4 COLLATE=utf8mb4_unicode_ci;

--
-- Dumping data for table `migrations`
--

INSERT INTO `migrations` (`id`, `migration`, `batch`) VALUES
(1, '2014_10_12_000000_create_users_table', 1),
(2, '2014_10_12_100000_create_password_resets_table', 1),
(3, '2019_08_19_000000_create_failed_jobs_table', 1),
(4, '2020_10_17_091104_create_barangs_table', 1),
(5, '2020_10_17_091115_create_kategoris_table', 1),
(6, '2020_10_17_091124_create_hargas_table', 1),
(7, '2020_10_17_091133_create_stocks_table', 1),
(15, '2020_10_17_122524_create_transaksis_table', 2),
(16, '2020_10_17_122549_create_detail_transaksis_table', 2),
(17, '2020_11_09_062925_create_sellers_table', 2),
(18, '2020_11_09_062939_create_hutangs_table', 2),
(19, '2020_11_29_092749_create_pengeluarans_table', 3),
(20, '2020_12_06_034407_create_stok_opnames_table', 4),
(21, '2020_12_06_034457_create_detail_stok_opnames_table', 4),
(22, '2020_12_06_100547_create_returs_table', 5),
(23, '2020_12_06_100600_create_detail_returs_table', 5),
(24, '2020_12_13_110607_create_profiles_table', 6),
(25, '2020_12_14_004951_create_absensis_table', 6),
(26, '2020_12_14_005002_create_karyawans_table', 6),
(27, '2021_02_07_074033_add_tanggal_to_transaksis_table', 7),
(28, '2021_02_07_075353_add_tanggal_to_detail_transaksis_table', 8),
(30, '2021_02_14_083914_add_rekap_data_to_detail_transaksis_table', 9);

-- --------------------------------------------------------

--
-- Table structure for table `password_resets`
--

CREATE TABLE `password_resets` (
  `email` varchar(255) COLLATE utf8mb4_unicode_ci NOT NULL,
  `token` varchar(255) COLLATE utf8mb4_unicode_ci NOT NULL,
  `created_at` timestamp NULL DEFAULT NULL
) ENGINE=InnoDB DEFAULT CHARSET=utf8mb4 COLLATE=utf8mb4_unicode_ci;

-- --------------------------------------------------------

--
-- Table structure for table `pengeluarans`
--

CREATE TABLE `pengeluarans` (
  `id` bigint(20) UNSIGNED NOT NULL,
  `name` varchar(255) COLLATE utf8mb4_unicode_ci NOT NULL,
  `nominal` bigint(20) NOT NULL,
  `ket` text COLLATE utf8mb4_unicode_ci,
  `created_at` timestamp NULL DEFAULT NULL,
  `updated_at` timestamp NULL DEFAULT NULL
) ENGINE=InnoDB DEFAULT CHARSET=utf8mb4 COLLATE=utf8mb4_unicode_ci;

-- --------------------------------------------------------

--
-- Table structure for table `profiles`
--

CREATE TABLE `profiles` (
  `id` bigint(20) UNSIGNED NOT NULL,
  `nama_perusahaan` varchar(255) COLLATE utf8mb4_unicode_ci NOT NULL,
  `deskripsi_1` varchar(255) COLLATE utf8mb4_unicode_ci DEFAULT NULL,
  `deskripsi_2` varchar(255) COLLATE utf8mb4_unicode_ci DEFAULT NULL,
  `pemilik_1` varchar(255) COLLATE utf8mb4_unicode_ci DEFAULT NULL,
  `pemilik_2` varchar(255) COLLATE utf8mb4_unicode_ci DEFAULT NULL,
  `kontak_1` varchar(255) COLLATE utf8mb4_unicode_ci DEFAULT NULL,
  `kontak_2` varchar(255) COLLATE utf8mb4_unicode_ci DEFAULT NULL,
  `alamat` text COLLATE utf8mb4_unicode_ci,
  `created_at` timestamp NULL DEFAULT NULL,
  `updated_at` timestamp NULL DEFAULT NULL
) ENGINE=InnoDB DEFAULT CHARSET=utf8mb4 COLLATE=utf8mb4_unicode_ci;

--
-- Dumping data for table `profiles`
--

INSERT INTO `profiles` (`id`, `nama_perusahaan`, `deskripsi_1`, `deskripsi_2`, `pemilik_1`, `pemilik_2`, `kontak_1`, `kontak_2`, `alamat`, `created_at`, `updated_at`) VALUES
(1, 'CV. SETIA KAWAN', 'Jual Beli Logam:', 'Tembaga, Alumunium, Kuningan, Stainless, Besi, Timah, dll', 'MOHAMMAD FARIZAL, S.Pd', 'H M HORI', '085693266162 (WA)', '087885380918', 'Gunung Putri', '2020-12-14 00:00:00', '2020-12-14 01:30:16');

-- --------------------------------------------------------

--
-- Table structure for table `returs`
--

CREATE TABLE `returs` (
  `id` bigint(20) UNSIGNED NOT NULL,
  `kode` varchar(255) COLLATE utf8mb4_unicode_ci NOT NULL,
  `transaksi_id` int(11) NOT NULL,
  `ket` text COLLATE utf8mb4_unicode_ci,
  `created_at` timestamp NULL DEFAULT NULL,
  `updated_at` timestamp NULL DEFAULT NULL
) ENGINE=InnoDB DEFAULT CHARSET=utf8mb4 COLLATE=utf8mb4_unicode_ci;

-- --------------------------------------------------------

--
-- Table structure for table `sellers`
--

CREATE TABLE `sellers` (
  `id` bigint(20) UNSIGNED NOT NULL,
  `name` varchar(255) COLLATE utf8mb4_unicode_ci NOT NULL,
  `jenis` int(11) NOT NULL,
  `alamat` text COLLATE utf8mb4_unicode_ci,
  `deleted_at` timestamp NULL DEFAULT NULL,
  `created_at` timestamp NULL DEFAULT NULL,
  `updated_at` timestamp NULL DEFAULT NULL
) ENGINE=InnoDB DEFAULT CHARSET=utf8mb4 COLLATE=utf8mb4_unicode_ci;

--
-- Dumping data for table `sellers`
--

INSERT INTO `sellers` (`id`, `name`, `jenis`, `alamat`, `deleted_at`, `created_at`, `updated_at`) VALUES
(1, 'Cahya', 1, NULL, NULL, '2021-01-08 13:55:23', '2021-01-08 13:55:23'),
(2, 'Aji', 1, NULL, NULL, '2021-01-08 13:57:00', '2021-01-08 13:57:00'),
(3, 'Permana', 1, NULL, NULL, '2021-01-08 13:57:49', '2021-01-08 13:57:49'),
(4, 'Test', 1, NULL, NULL, '2021-02-01 13:42:35', '2021-02-01 13:42:35'),
(5, 'Opik', 2, NULL, NULL, '2021-02-01 13:45:38', '2021-02-01 13:45:38');

-- --------------------------------------------------------

--
-- Table structure for table `stok_opnames`
--

CREATE TABLE `stok_opnames` (
  `id` bigint(20) UNSIGNED NOT NULL,
  `status` int(11) NOT NULL DEFAULT '0',
  `ket` varchar(255) COLLATE utf8mb4_unicode_ci DEFAULT NULL,
  `created_at` timestamp NULL DEFAULT NULL,
  `updated_at` timestamp NULL DEFAULT NULL
) ENGINE=InnoDB DEFAULT CHARSET=utf8mb4 COLLATE=utf8mb4_unicode_ci;

--
-- Dumping data for table `stok_opnames`
--

INSERT INTO `stok_opnames` (`id`, `status`, `ket`, `created_at`, `updated_at`) VALUES
(2, 1, 'Stok Awal 2021', '2021-01-10 11:23:53', '2021-01-10 11:27:52');

-- --------------------------------------------------------

--
-- Table structure for table `transaksis`
--

CREATE TABLE `transaksis` (
  `id` bigint(20) UNSIGNED NOT NULL,
  `kode` varchar(255) COLLATE utf8mb4_unicode_ci NOT NULL,
  `seller_id` int(11) NOT NULL,
  `jenis` int(11) NOT NULL,
  `kas` bigint(20) NOT NULL DEFAULT '0',
  `tf` bigint(20) NOT NULL DEFAULT '0',
  `dp` bigint(20) NOT NULL DEFAULT '0',
  `hutang` bigint(20) NOT NULL DEFAULT '0',
  `transaksi` bigint(20) NOT NULL DEFAULT '0',
  `sisa` bigint(20) NOT NULL DEFAULT '0',
  `sisa_hutang` bigint(20) NOT NULL DEFAULT '0',
  `sisa_dp` bigint(20) NOT NULL DEFAULT '0',
  `ket` text COLLATE utf8mb4_unicode_ci,
  `deleted_at` timestamp NULL DEFAULT NULL,
  `created_at` timestamp NULL DEFAULT NULL,
  `updated_at` timestamp NULL DEFAULT NULL,
  `tanggal` date NOT NULL DEFAULT '2021-02-07'
) ENGINE=InnoDB DEFAULT CHARSET=utf8mb4 COLLATE=utf8mb4_unicode_ci;

--
-- Dumping data for table `transaksis`
--

INSERT INTO `transaksis` (`id`, `kode`, `seller_id`, `jenis`, `kas`, `tf`, `dp`, `hutang`, `transaksi`, `sisa`, `sisa_hutang`, `sisa_dp`, `ket`, `deleted_at`, `created_at`, `updated_at`, `tanggal`) VALUES
(1, 'SKPB210108001', 1, 2, 0, 11520000, 0, 0, 0, 0, 0, 0, NULL, NULL, '2021-02-06 00:00:00', '2021-01-08 13:55:24', '2021-02-06'),
(2, 'SKPB210108002', 2, 2, 0, 9800000, 0, 0, 0, 0, 0, 0, NULL, NULL, '2021-02-09 00:00:00', '2021-01-08 13:57:00', '2021-02-09'),
(3, 'SKPB210108003', 3, 2, 0, 21300000, 0, 0, 0, 0, 0, 0, NULL, NULL, '2021-02-10 00:00:00', '2021-01-08 13:57:49', '2021-02-10'),
(4, 'SKPB210201001', 4, 2, 1000000, 0, 0, 0, 0, 0, 0, 0, NULL, NULL, '2021-02-12 00:00:00', '2021-02-01 13:42:35', '2021-02-12'),
(5, 'SKPB210201002', 1, 2, 1200000, 0, 0, 0, 0, 0, 0, 0, NULL, NULL, '2021-02-12 13:43:34', '2021-02-01 13:43:34', '2021-02-12'),
(6, 'SKPJ210201001', 5, 2, 2820000, 0, 0, 0, 0, 0, 0, 0, NULL, NULL, '2021-02-14 00:00:00', '2021-02-14 12:51:28', '2021-02-14');

-- --------------------------------------------------------

--
-- Table structure for table `users`
--

CREATE TABLE `users` (
  `id` bigint(20) UNSIGNED NOT NULL,
  `name` varchar(255) COLLATE utf8mb4_unicode_ci NOT NULL,
  `email` varchar(255) COLLATE utf8mb4_unicode_ci NOT NULL,
  `email_verified_at` timestamp NULL DEFAULT NULL,
  `password` varchar(255) COLLATE utf8mb4_unicode_ci NOT NULL,
  `remember_token` varchar(100) COLLATE utf8mb4_unicode_ci DEFAULT NULL,
  `created_at` timestamp NULL DEFAULT NULL,
  `updated_at` timestamp NULL DEFAULT NULL
) ENGINE=InnoDB DEFAULT CHARSET=utf8mb4 COLLATE=utf8mb4_unicode_ci;

--
-- Dumping data for table `users`
--

INSERT INTO `users` (`id`, `name`, `email`, `email_verified_at`, `password`, `remember_token`, `created_at`, `updated_at`) VALUES
(1, 'cahya', 'cahya@gmail.com', NULL, '$2y$10$jjelBU8lK1aJYsS4oTtSSeTiJMwSp0kP6cCuocfllSZ.C6nmSFaU2', NULL, '2020-10-17 09:48:57', '2020-10-17 09:48:57'),
(2, 'admin', 'admin@setiakawan.com', NULL, '$2y$10$v9l5K99IhxyvyBTNTf.SVOFsslkIMbm7ceizeBCW5UnNJsdCKwRPu', NULL, '2021-01-08 13:53:57', '2021-01-08 13:53:57');

--
-- Indexes for dumped tables
--

--
-- Indexes for table `absensis`
--
ALTER TABLE `absensis`
  ADD PRIMARY KEY (`id`);

--
-- Indexes for table `barangs`
--
ALTER TABLE `barangs`
  ADD PRIMARY KEY (`id`);

--
-- Indexes for table `detail_returs`
--
ALTER TABLE `detail_returs`
  ADD PRIMARY KEY (`id`);

--
-- Indexes for table `detail_stok_opnames`
--
ALTER TABLE `detail_stok_opnames`
  ADD PRIMARY KEY (`id`);

--
-- Indexes for table `detail_transaksis`
--
ALTER TABLE `detail_transaksis`
  ADD PRIMARY KEY (`id`);

--
-- Indexes for table `failed_jobs`
--
ALTER TABLE `failed_jobs`
  ADD PRIMARY KEY (`id`);

--
-- Indexes for table `hargas`
--
ALTER TABLE `hargas`
  ADD PRIMARY KEY (`id`);

--
-- Indexes for table `hutangs`
--
ALTER TABLE `hutangs`
  ADD PRIMARY KEY (`id`);

--
-- Indexes for table `karyawans`
--
ALTER TABLE `karyawans`
  ADD PRIMARY KEY (`id`);

--
-- Indexes for table `kategoris`
--
ALTER TABLE `kategoris`
  ADD PRIMARY KEY (`id`);

--
-- Indexes for table `migrations`
--
ALTER TABLE `migrations`
  ADD PRIMARY KEY (`id`);

--
-- Indexes for table `password_resets`
--
ALTER TABLE `password_resets`
  ADD KEY `password_resets_email_index` (`email`);

--
-- Indexes for table `pengeluarans`
--
ALTER TABLE `pengeluarans`
  ADD PRIMARY KEY (`id`);

--
-- Indexes for table `profiles`
--
ALTER TABLE `profiles`
  ADD PRIMARY KEY (`id`);

--
-- Indexes for table `returs`
--
ALTER TABLE `returs`
  ADD PRIMARY KEY (`id`);

--
-- Indexes for table `sellers`
--
ALTER TABLE `sellers`
  ADD PRIMARY KEY (`id`);

--
-- Indexes for table `stok_opnames`
--
ALTER TABLE `stok_opnames`
  ADD PRIMARY KEY (`id`);

--
-- Indexes for table `transaksis`
--
ALTER TABLE `transaksis`
  ADD PRIMARY KEY (`id`);

--
-- Indexes for table `users`
--
ALTER TABLE `users`
  ADD PRIMARY KEY (`id`),
  ADD UNIQUE KEY `users_email_unique` (`email`);

--
-- AUTO_INCREMENT for dumped tables
--

--
-- AUTO_INCREMENT for table `absensis`
--
ALTER TABLE `absensis`
  MODIFY `id` bigint(20) UNSIGNED NOT NULL AUTO_INCREMENT, AUTO_INCREMENT=623;

--
-- AUTO_INCREMENT for table `barangs`
--
ALTER TABLE `barangs`
  MODIFY `id` bigint(20) UNSIGNED NOT NULL AUTO_INCREMENT, AUTO_INCREMENT=16;

--
-- AUTO_INCREMENT for table `detail_returs`
--
ALTER TABLE `detail_returs`
  MODIFY `id` bigint(20) UNSIGNED NOT NULL AUTO_INCREMENT;

--
-- AUTO_INCREMENT for table `detail_stok_opnames`
--
ALTER TABLE `detail_stok_opnames`
  MODIFY `id` bigint(20) UNSIGNED NOT NULL AUTO_INCREMENT, AUTO_INCREMENT=46;

--
-- AUTO_INCREMENT for table `detail_transaksis`
--
ALTER TABLE `detail_transaksis`
  MODIFY `id` bigint(20) UNSIGNED NOT NULL AUTO_INCREMENT, AUTO_INCREMENT=12;

--
-- AUTO_INCREMENT for table `failed_jobs`
--
ALTER TABLE `failed_jobs`
  MODIFY `id` bigint(20) UNSIGNED NOT NULL AUTO_INCREMENT;

--
-- AUTO_INCREMENT for table `hargas`
--
ALTER TABLE `hargas`
  MODIFY `id` bigint(20) UNSIGNED NOT NULL AUTO_INCREMENT, AUTO_INCREMENT=11;

--
-- AUTO_INCREMENT for table `hutangs`
--
ALTER TABLE `hutangs`
  MODIFY `id` bigint(20) UNSIGNED NOT NULL AUTO_INCREMENT;

--
-- AUTO_INCREMENT for table `karyawans`
--
ALTER TABLE `karyawans`
  MODIFY `id` bigint(20) UNSIGNED NOT NULL AUTO_INCREMENT, AUTO_INCREMENT=12;

--
-- AUTO_INCREMENT for table `kategoris`
--
ALTER TABLE `kategoris`
  MODIFY `id` bigint(20) UNSIGNED NOT NULL AUTO_INCREMENT, AUTO_INCREMENT=17;

--
-- AUTO_INCREMENT for table `migrations`
--
ALTER TABLE `migrations`
  MODIFY `id` int(10) UNSIGNED NOT NULL AUTO_INCREMENT, AUTO_INCREMENT=31;

--
-- AUTO_INCREMENT for table `pengeluarans`
--
ALTER TABLE `pengeluarans`
  MODIFY `id` bigint(20) UNSIGNED NOT NULL AUTO_INCREMENT;

--
-- AUTO_INCREMENT for table `profiles`
--
ALTER TABLE `profiles`
  MODIFY `id` bigint(20) UNSIGNED NOT NULL AUTO_INCREMENT, AUTO_INCREMENT=2;

--
-- AUTO_INCREMENT for table `returs`
--
ALTER TABLE `returs`
  MODIFY `id` bigint(20) UNSIGNED NOT NULL AUTO_INCREMENT;

--
-- AUTO_INCREMENT for table `sellers`
--
ALTER TABLE `sellers`
  MODIFY `id` bigint(20) UNSIGNED NOT NULL AUTO_INCREMENT, AUTO_INCREMENT=6;

--
-- AUTO_INCREMENT for table `stok_opnames`
--
ALTER TABLE `stok_opnames`
  MODIFY `id` bigint(20) UNSIGNED NOT NULL AUTO_INCREMENT, AUTO_INCREMENT=3;

--
-- AUTO_INCREMENT for table `transaksis`
--
ALTER TABLE `transaksis`
  MODIFY `id` bigint(20) UNSIGNED NOT NULL AUTO_INCREMENT, AUTO_INCREMENT=7;

--
-- AUTO_INCREMENT for table `users`
--
ALTER TABLE `users`
  MODIFY `id` bigint(20) UNSIGNED NOT NULL AUTO_INCREMENT, AUTO_INCREMENT=3;
COMMIT;

/*!40101 SET CHARACTER_SET_CLIENT=@OLD_CHARACTER_SET_CLIENT */;
/*!40101 SET CHARACTER_SET_RESULTS=@OLD_CHARACTER_SET_RESULTS */;
/*!40101 SET COLLATION_CONNECTION=@OLD_COLLATION_CONNECTION */;
